timestamp,level,cmdb_id,failure_type,Top1,Top2,Top3,Top4,Top5,Top6,Top7,Top8,Top9,Top10,Top11,Top12,Top13,Top14,Top15,Top16,Top17,Top18,Top19,Top20,Top21,Top22,Top23,Top24,Top25,Top26,Top27,Top28,Top29,Top30,Top31,Top32,Top33,Top34,Top35,Top36,Top37,Top38,Top39,Top40,Top41,Top42,Top43,Top44,Top45,Top46
1651858208,service,productcatalogservice,Kubernetes Container Network Resource Packet Corruption,productcatalogservice-2:0.5065587692655852,productcatalogservice-1:0.5029574191475817,productcatalogservice-0:0.48043455397470886,frontend-1:0.44846019854690106,productcatalogservice2-0:0.4291588199292186,frontend-0:0.42808492850850216,frontend-2:0.4243237435094596,shippingservice2-0:0.38074199042431345,checkoutservice-2:0.37078891662192537,currencyservice2-0:0.36673023486329054,frontend2-0:0.361883756436606,shippingservice-2:0.3545642425894744,checkoutservice-0:0.34171299317821796,checkoutservice-1:0.33462820746726246,paymentservice-0:0.31295901235693696,recommendationservice2-0:0.3094646899226174,paymentservice-1:0.3079189524697537,emailservice2-0:0.30675510275569234,shippingservice-0:0.3047382021566491,paymentservice2-0:0.3037047025259818,shippingservice-1:0.2944940547922591,recommendationservice-1:0.28333516260136876,emailservice-2:0.26787891961802707,paymentservice-2:0.2659611244332946,checkoutservice2-0:0.2401235822236012,emailservice-1:0.2390746162049848,emailservice-0:0.23358568891364004,cartservice-2:0.22126595631712156,recommendationservice-2:0.21935737116281728,recommendationservice-0:0.2041085427894946,currencyservice-1:0.19372377682769348,adservice-0:0.15124087080569962,currencyservice-2:0.1412168864470484,currencyservice-0:0.1355381647387298,adservice-2:0.12371468246565685,adservice2-0:0.12226664308001745,cartservice2-0:0.10835907657734706,adservice-1:0.10812413452578189,node-5:0.0954121015956846,node-3:0.0938431525998034,node-6:0.08283586891701028,cartservice-1:0.08012795995141213,node-4:0.07184714491764105,cartservice-0:0.06635293656074014,node-2:0.03660644907685411,node-1:0.02888066986856104
1651859583,pod,frontend-2,Kubernetes Container Write I/O Load,frontend2-0:0.45562280978728936,productcatalogservice2-0:0.45014850940839474,cartservice-1:0.39861473815043996,currencyservice2-0:0.38238617228817023,shippingservice2-0:0.3579123024778282,frontend-0:0.3484369623612095,productcatalogservice-0:0.34699272695533745,adservice-2:0.3249803439977023,adservice2-0:0.3226798103392292,frontend-2:0.30878635878325583,shippingservice-1:0.30767001400956817,cartservice2-0:0.3044303874051207,productcatalogservice-2:0.3013998991450732,adservice-0:0.29755884009490047,checkoutservice-1:0.2938951444755182,paymentservice2-0:0.29068213398322523,paymentservice-0:0.2874554643403513,productcatalogservice-1:0.2836736307314497,recommendationservice-2:0.278519322997332,currencyservice-0:0.27516547535614017,adservice-1:0.2730852274265735,checkoutservice-2:0.27249087012750123,cartservice-0:0.26631833545303174,node-3:0.262711228715192,shippingservice-0:0.2600723984087961,shippingservice-2:0.2591882030000001,checkoutservice-0:0.25045187517590445,currencyservice-1:0.24427928725768347,paymentservice-2:0.2441453228082943,checkoutservice2-0:0.24348885758949254,emailservice2-0:0.24116209286191914,cartservice-2:0.22704788393950046,frontend-1:0.22598329995229297,node-5:0.21929353349577427,currencyservice-2:0.217972389311567,recommendationservice-1:0.20228838390503232,paymentservice-1:0.19129279391084897,node-4:0.1889619794138774,node-6:0.17337171438769527,emailservice-2:0.16812923423905268,recommendationservice-0:0.16357587709369384,recommendationservice2-0:0.12883666470028302,emailservice-1:0.1251179833553479,emailservice-0:0.11424163028242511,node-1:0.09646341757987785,node-2:0.0436994936293822
1651860249,node,node-2,Node Disk Space Consumption,node-2:0.4999145404467112,node-6:0.37692261691660534,node-5:0.2970400742990382,currencyservice2-0:0.26795079718616094,node-4:0.25764929900967676,shippingservice2-0:0.23951350817157555,emailservice2-0:0.22394955843411102,adservice-2:0.21679107582095192,frontend2-0:0.21479409372676594,paymentservice2-0:0.2086936915028961,node-1:0.20753490309895797,shippingservice-0:0.20513040167401883,currencyservice-1:0.20392999556979285,recommendationservice-0:0.1952775134707785,productcatalogservice-2:0.1931186548778144,shippingservice-1:0.19224716332669844,productcatalogservice-0:0.19036817827113525,shippingservice-2:0.18463052281691072,checkoutservice-2:0.18452131255497436,recommendationservice-1:0.1843484891656615,cartservice-2:0.1818089557666477,currencyservice-2:0.1781885275823707,paymentservice-2:0.17625024561116787,node-3:0.17416431818229974,cartservice2-0:0.17172773879355638,productcatalogservice2-0:0.170180850961785,adservice2-0:0.16893435006072735,checkoutservice-1:0.16695763837390695,currencyservice-0:0.16688074920190757,frontend-1:0.15306710292256737,paymentservice-0:0.14931098281858698,cartservice-1:0.14698342949693935,paymentservice-1:0.14357666354658355,adservice-0:0.14054812119678187,checkoutservice-0:0.13771233807224922,productcatalogservice-1:0.1373390563200059,adservice-1:0.1346906549387106,recommendationservice-2:0.13222435449275452,frontend-0:0.13126615332925126,recommendationservice2-0:0.13119713962166732,emailservice-1:0.12108939614367022,frontend-2:0.12089051379835276,checkoutservice2-0:0.12043902953996972,emailservice-2:0.11655460992494537,cartservice-0:0.1134586139145377,emailservice-0:0.05714602676398086
1651863211,service,emailservice,Kubernetes Container Network Packet Loss,emailservice-0:0.6840837461520382,emailservice-1:0.518190413394663,shippingservice2-0:0.4823753931262484,emailservice-2:0.46235421811602934,currencyservice-0:0.36997036265960254,emailservice2-0:0.3674624380187966,currencyservice2-0:0.36686278991811966,cartservice-1:0.36184398483618985,productcatalogservice-0:0.35903900629369606,shippingservice-0:0.31310307580708474,checkoutservice-1:0.29558928398663054,currencyservice-1:0.28812783984541374,productcatalogservice2-0:0.28802932561831834,shippingservice-1:0.28119552758563254,cartservice-0:0.2622857312892419,adservice-0:0.25449557482214985,checkoutservice-0:0.25301246928922766,paymentservice-0:0.25236581598151875,paymentservice-1:0.24389956409000726,paymentservice2-0:0.24288114527840018,checkoutservice-2:0.2357311007284022,frontend-1:0.23347232520341035,cartservice-2:0.23294103903051852,adservice-2:0.23015533247120679,shippingservice-2:0.21730571615915395,checkoutservice2-0:0.21313204120830784,adservice2-0:0.20774112316035173,productcatalogservice-2:0.20622354130927226,paymentservice-2:0.19999336955487215,productcatalogservice-1:0.1771105104742141,recommendationservice-1:0.17651204731414052,recommendationservice-2:0.17229387490782766,frontend2-0:0.17040806760147584,currencyservice-2:0.16980887191726987,adservice-1:0.16159805946034933,recommendationservice-0:0.1389763330336379,cartservice2-0:0.13066715761598788,frontend-0:0.12138276692824522,frontend-2:0.09398381934141409,recommendationservice2-0:0.09074118254178688,node-3:0.044532930154470594,node-4:0.007348534110477463,node-5:0.006627014410067348,node-2:0.004475540244459753,node-1:0.004118198478519836,node-6:0.0021545263642257693
1651863857,node,node-6,Node Disk Write I/O Consumption,node-6:0.6884513205822721,node-2:0.44730783321051315,node-1:0.42465302039148084,node-4:0.3761422275341288,node-3:0.35346844557496765,node-5:0.25110489846358225,recommendationservice-2:0.10551054431614994,checkoutservice-0:0.07525334339811787,checkoutservice-1:0.07011644467147032,frontend-0:0.06473675395776718,emailservice2-0:0.05235740175420312,paymentservice-0:0.04237444248211949,paymentservice-1:0.04035201345828831,currencyservice-2:0.03963880432122083,checkoutservice-2:0.039372308295223715,frontend-2:0.039290688643745124,productcatalogservice-2:0.03821380271809712,shippingservice-2:0.035970286597324326,currencyservice-0:0.03490060044821689,cartservice2-0:0.03486150168153097,recommendationservice-0:0.034339663347366024,productcatalogservice-1:0.03424542282977918,emailservice-2:0.032863784324349395,paymentservice2-0:0.029351257794010117,adservice2-0:0.028222518663524116,recommendationservice2-0:0.027094016012387673,checkoutservice2-0:0.026116954044957758,adservice-2:0.02567437696928618,emailservice-0:0.023484857633308095,shippingservice2-0:0.02234739722343557,adservice-1:0.022166658922975493,cartservice-0:0.021445933537491548,shippingservice-1:0.021345039878170467,currencyservice-1:0.02007861480634523,recommendationservice-1:0.018743045125167224,cartservice-1:0.018625858317562975,emailservice-1:0.017941156005022562,frontend-1:0.017908844611746976,paymentservice-2:0.017798530807836065,shippingservice-0:0.017583708080573423,cartservice-2:0.01704893314825275,adservice-0:0.016854744513050298,productcatalogservice-0:0.0155254510171323,currencyservice2-0:0.013056473267258067,frontend2-0:0.012535731292097696,productcatalogservice2-0:0.01238429493922495
1651867434,node,node-5,Node Disk Space Consumption,node-5:0.552775658148774,node-3:0.5242984897427762,node-2:0.49714134664006515,node-6:0.47516470621207874,node-4:0.47451745184883554,node-1:0.3503763586820061,frontend-1:0.1161936583720028,productcatalogservice-2:0.10656362788948555,frontend-2:0.1054604005232686,adservice-2:0.10496912237933857,currencyservice-1:0.10370597546690159,shippingservice-1:0.10211691429563007,checkoutservice2-0:0.10182289534292599,cartservice-0:0.10021109025239726,shippingservice-0:0.098991782914984,cartservice-1:0.09827477384248144,productcatalogservice-1:0.09772057372093342,adservice-1:0.09560505062947909,adservice-0:0.0933142541806878,currencyservice-0:0.09132938974618542,productcatalogservice-0:0.08885446381277838,emailservice-1:0.08642083225805046,checkoutservice-1:0.08564633549648339,paymentservice2-0:0.08109131179203954,shippingservice-2:0.08066816692747006,emailservice-0:0.0796474013123988,cartservice-2:0.07855401871965897,checkoutservice-0:0.07684521537949819,adservice2-0:0.07577419971321121,checkoutservice-2:0.07392034146622638,shippingservice2-0:0.07188090385120634,currencyservice-2:0.07131126368458969,recommendationservice2-0:0.07043971993044214,recommendationservice-2:0.07032882913586777,emailservice-2:0.06988002912476367,cartservice2-0:0.06976265176821218,recommendationservice-1:0.06776416378766426,recommendationservice-0:0.06642196426301437,productcatalogservice2-0:0.06599986034181757,paymentservice-2:0.059432598733991863,paymentservice-1:0.057430396894764785,emailservice2-0:0.05728036862185152,frontend2-0:0.052772779410790886,paymentservice-0:0.05268346118774411,currencyservice2-0:0.05265519177358886,frontend-0:0.051912396540900886
1651870394,pod,productcatalogservice-2,Kubernetes Container Network Latency,productcatalogservice-2:0.8671959427260448,frontend-2:0.6454833390632494,frontend-1:0.6423046660420394,frontend-0:0.6032913917853581,recommendationservice-0:0.5766609598557494,recommendationservice-2:0.5748567663339069,recommendationservice-1:0.5609695884907507,emailservice-1:0.5595454532747938,checkoutservice-2:0.5404342266440315,checkoutservice-0:0.5207809683447925,checkoutservice-1:0.5190306713697038,adservice-2:0.5073755226035401,emailservice-2:0.46766001811638275,adservice-1:0.4643906335185954,adservice-0:0.4248555653810719,productcatalogservice-0:0.403441518080518,paymentservice-2:0.3985278309396776,productcatalogservice-1:0.39241521441422855,shippingservice-1:0.33850375093167767,paymentservice-1:0.33332169449748755,paymentservice-0:0.3287132709863389,emailservice-0:0.31063325019834276,shippingservice-2:0.31023311834728223,currencyservice-0:0.3051233181536324,currencyservice-2:0.2839016155126235,shippingservice-0:0.27624846715537227,cartservice-1:0.2734144703575447,cartservice-2:0.27275057882235104,currencyservice-1:0.2578305684430677,node-3:0.18413356342280807,cartservice-0:0.1748408093346051,node-5:0.17368107658164386,cartservice2-0:0.12893877651547997,paymentservice2-0:0.12159220527725416,node-6:0.12137722183223289,node-2:0.10525377503444659,currencyservice2-0:0.10222001778515667,frontend2-0:0.09871413433499453,adservice2-0:0.09686826937114341,checkoutservice2-0:0.08939318626232472,shippingservice2-0:0.08860055625697909,emailservice2-0:0.08850172070009531,recommendationservice2-0:0.08330124244641335,node-4:0.08076666105648271,productcatalogservice2-0:0.07724005928115739,node-1:0.052178539646524504
1651872135,node,node-5,Node Memory Consumption,node-5:0.42318459395749425,node-4:0.3392221912396563,emailservice-0:0.33458615049446894,shippingservice-1:0.3010139365013587,frontend-2:0.29766837682635383,productcatalogservice-1:0.2953057190656106,frontend-1:0.29119719767943497,productcatalogservice-0:0.2633389614080039,adservice-0:0.24535437427415663,recommendationservice-1:0.2426190045091052,currencyservice-1:0.23391305045955568,shippingservice-0:0.23316048914291718,adservice-2:0.22537164918235597,checkoutservice-0:0.22284378295816665,currencyservice2-0:0.2228379230005918,recommendationservice-0:0.21875488006515487,cartservice-1:0.21166316654591233,currencyservice-0:0.21125923244159137,productcatalogservice-2:0.20962795045088212,checkoutservice-2:0.20338419056775367,cartservice-0:0.20335473638729676,productcatalogservice2-0:0.20128675385372985,shippingservice2-0:0.19775564158636763,emailservice-2:0.1948883752638727,node-1:0.18827841540013743,paymentservice2-0:0.17988219701928154,emailservice-1:0.17499700613358837,checkoutservice2-0:0.17209466245723118,shippingservice-2:0.16542690458427248,adservice-1:0.15924837886831925,cartservice-2:0.15877898612989713,checkoutservice-1:0.1568599109391159,cartservice2-0:0.15254816123504492,recommendationservice-2:0.143159585583462,currencyservice-2:0.14087249163471346,paymentservice-1:0.1380673996001541,frontend-0:0.13546998327719903,emailservice2-0:0.13074557950146498,node-3:0.12907373794267957,frontend2-0:0.1195598967312105,paymentservice-0:0.11519284697241504,adservice2-0:0.11411622099704544,recommendationservice2-0:0.11012484877530815,paymentservice-2:0.10937948588506065,node-6:0.08918330731183118,node-2:0.071398716920848
1651875390,node,node-1,Node Disk Space Consumption,node-1:0.6501344693290015,node-2:0.34730165699292703,node-6:0.30540522253469277,adservice-1:0.2815013574390082,currencyservice-1:0.26382333642190214,recommendationservice-2:0.2602451425217019,node-5:0.2558078115778762,adservice-2:0.2531931795882308,cartservice-2:0.25047944839486763,paymentservice2-0:0.243803021314238,shippingservice2-0:0.24190707700345918,currencyservice-2:0.24153302258665357,recommendationservice-0:0.24077344087343455,productcatalogservice-0:0.2384308922988764,shippingservice-2:0.2358683283206813,paymentservice-0:0.23430198729679622,emailservice2-0:0.22994232823404384,cartservice-1:0.22241658462319946,cartservice2-0:0.2196087388523504,shippingservice-1:0.21903224127197232,paymentservice-2:0.21602773205734252,cartservice-0:0.21519215619778678,productcatalogservice-1:0.21484853148827757,emailservice-2:0.21121076293327187,node-4:0.21119821611086906,checkoutservice-1:0.1988290115392606,node-3:0.19673793754874003,currencyservice2-0:0.19669656096977053,emailservice-0:0.19122714956758188,recommendationservice-1:0.1885148818888138,currencyservice-0:0.18402353086308057,shippingservice-0:0.17778048092079482,productcatalogservice-2:0.17378163820432424,checkoutservice2-0:0.17174062349160568,frontend-0:0.1660908094699076,adservice2-0:0.162401595190597,frontend2-0:0.16157854327128393,recommendationservice2-0:0.15978266472772554,productcatalogservice2-0:0.15948001378364043,frontend-2:0.1543006018724886,checkoutservice-2:0.14300667323633856,checkoutservice-0:0.13973417607305033,paymentservice-1:0.13702089282999133,adservice-0:0.12407177290883264,frontend-1:0.12183583757584154,emailservice-1:0.11924976275942362
1651876445,service,frontend,Kubernetes Container Read I/O Load,frontend-1:0.7932279864594477,frontend2-0:0.7819691961924725,frontend-0:0.7815962560789519,frontend-2:0.7758834239818789,currencyservice2-0:0.573564737888602,productcatalogservice2-0:0.5511942913073692,shippingservice2-0:0.5138413451431414,cartservice2-0:0.5043134318956877,cartservice-2:0.49572760434665847,cartservice-0:0.49219160861698014,currencyservice-1:0.4724755818319493,paymentservice2-0:0.42989034031841794,currencyservice-0:0.4276462315166903,productcatalogservice-0:0.4173545085675408,recommendationservice-1:0.39786465679923205,recommendationservice2-0:0.3799338760977231,productcatalogservice-2:0.37783110649240975,emailservice-2:0.3761039013492921,currencyservice-2:0.3681340678692777,checkoutservice-1:0.36572312779178867,emailservice-1:0.3575214734098447,cartservice-1:0.3552977587995903,checkoutservice-0:0.3552818108297437,emailservice-0:0.3534316357529354,paymentservice-2:0.3532771249119881,recommendationservice-0:0.3468577218200373,checkoutservice-2:0.28432266584995475,paymentservice-1:0.26208860552371144,adservice2-0:0.2561295534914304,recommendationservice-2:0.25356090510187224,emailservice2-0:0.22386308520236486,shippingservice-0:0.22322400844132428,shippingservice-1:0.1961821626373639,adservice-0:0.1923509713073699,adservice-1:0.1845087575878495,paymentservice-0:0.18429555807072784,checkoutservice2-0:0.16265875553395873,adservice-2:0.15616128114673256,productcatalogservice-1:0.13351301943788196,shippingservice-2:0.09922702442475491,node-6:0.008112488304281398,node-5:0.003197963807335191,node-3:0.002756553142976888,node-4:0.00045829099785750635,node-2:5.511743657600075e-05,node-1:3.022297350767241e-05
1651877333,pod,currencyservice-0,Kubernetes Container CPU Load,adservice2-0:0.5982761814857281,cartservice-0:0.5249643560387617,currencyservice2-0:0.511858854254775,productcatalogservice2-0:0.48003231567298155,checkoutservice-1:0.4796235408133433,checkoutservice2-0:0.4357010777456432,cartservice-1:0.39708183033183025,recommendationservice2-0:0.3969259998405756,cartservice2-0:0.39514169938861404,shippingservice2-0:0.38473256194985733,emailservice2-0:0.37707410750569786,currencyservice-1:0.3736998733199423,checkoutservice-2:0.37215086926549573,productcatalogservice-2:0.3649936708610073,cartservice-2:0.36485964840551594,adservice-0:0.36137334696048956,adservice-1:0.3606625869784095,currencyservice-0:0.36065643003036607,currencyservice-2:0.3555437074650658,paymentservice2-0:0.35391623252732834,adservice-2:0.3390457948106713,checkoutservice-0:0.3307150505894108,emailservice-2:0.32624104422216077,productcatalogservice-1:0.3094698534053852,frontend2-0:0.3035048594421932,shippingservice-2:0.3017865039828614,productcatalogservice-0:0.3006870308424751,shippingservice-0:0.28774608936338625,shippingservice-1:0.27030317142000304,frontend-2:0.23641410676760558,recommendationservice-2:0.23336846385945767,emailservice-0:0.22641153284901727,paymentservice-2:0.22622891864721117,recommendationservice-1:0.2135500179583891,recommendationservice-0:0.20266659324121575,emailservice-1:0.20252000631910336,paymentservice-0:0.17383682677387438,paymentservice-1:0.17059136107890385,frontend-1:0.11686203657279091,frontend-0:0.10017995599642342,node-3:0.07165825050816878,node-5:0.060618564277296734,node-6:0.03928397895641375,node-4:0.03761472975389838,node-2:0.019700318084088234,node-1:0.016226399936851155
1651880837,service,productcatalogservice,Kubernetes Container Network Latency,productcatalogservice-2:0.9344381089311516,productcatalogservice-1:0.9278310721106536,productcatalogservice-0:0.8325305058878025,emailservice-2:0.8229378902210436,emailservice-1:0.7287299216869453,checkoutservice-1:0.7162978408226882,emailservice-0:0.7000105381931511,paymentservice-2:0.6476757496024815,shippingservice-0:0.6443898277683426,emailservice2-0:0.6431605251305365,checkoutservice-0:0.6153719644290835,checkoutservice-2:0.6070687445195669,shippingservice2-0:0.5866371432155457,cartservice-2:0.5588994835984674,currencyservice2-0:0.5587681260574359,paymentservice-1:0.5520300330633597,cartservice2-0:0.5483238179728492,recommendationservice2-0:0.5428060718638961,paymentservice2-0:0.5394668634527225,productcatalogservice2-0:0.5391378195825879,frontend-2:0.5279869570543028,frontend2-0:0.5181310292785947,checkoutservice2-0:0.5122473547358781,frontend-1:0.5083265796929747,recommendationservice-0:0.5060764160584209,recommendationservice-2:0.503706692038168,adservice-1:0.47711570910014145,recommendationservice-1:0.4638088332769574,adservice-2:0.4618191358906447,adservice2-0:0.45442436998108576,frontend-0:0.44038073947974504,paymentservice-0:0.40107056726000323,currencyservice-2:0.39595715519501834,currencyservice-1:0.3721468279451475,shippingservice-1:0.3627309237855858,adservice-0:0.3494372331384574,shippingservice-2:0.31799502801920204,cartservice-1:0.29347884216574044,cartservice-0:0.2791453815742195,currencyservice-0:0.2666662559305965,node-5:0.012887732021255165,node-6:0.010336941899860964,node-4:0.0073401087517654855,node-2:0.003527958116619458,node-1:0.002742432764475118,node-3:0.002736607439860398
1651884469,pod,emailservice-1,Kubernetes Container Network Packet Loss,shippingservice-2:0.4289004200405436,emailservice2-0:0.4106965387685482,checkoutservice2-0:0.3555957578202246,productcatalogservice-0:0.34854667804457634,adservice2-0:0.3251699926281958,checkoutservice-0:0.31307792173819593,emailservice-1:0.2976622705085597,emailservice-0:0.29394704079352946,checkoutservice-2:0.2902443522587024,cartservice-2:0.2728618861864509,cartservice2-0:0.2721204779830713,adservice-0:0.2709250592976605,currencyservice-1:0.26969225650077955,productcatalogservice-2:0.26886530734919606,paymentservice2-0:0.25734439209766075,shippingservice2-0:0.25355456405419535,emailservice-2:0.25199802873936245,adservice-1:0.24638781779120067,currencyservice-2:0.246000132918465,recommendationservice-2:0.24592148144260062,shippingservice-0:0.24356333051299295,recommendationservice-1:0.23961198483790155,checkoutservice-1:0.2315357220378557,productcatalogservice2-0:0.22928077050690152,productcatalogservice-1:0.21341447404173883,frontend-1:0.20308455053620733,shippingservice-1:0.20151847423486216,frontend2-0:0.19551380826800302,paymentservice-1:0.18832906732005558,cartservice-0:0.18405478475590156,adservice-2:0.17203423862585118,currencyservice2-0:0.1698422189154374,frontend-0:0.1620244671712449,paymentservice-2:0.1517305894193294,recommendationservice2-0:0.1457142716039796,currencyservice-0:0.13153466861340216,cartservice-1:0.13024841689653607,recommendationservice-0:0.10729638407830484,frontend-2:0.09906765145145106,paymentservice-0:0.0931594429525543,node-3:0.03912514668071996,node-2:0.037692914603658825,node-5:0.02546988036401779,node-6:0.0233014929479952,node-4:0.02262825673666273,node-1:0.019297588902705994
1651885258,node,node-6,Node Disk Space Consumption,node-5:0.3252475940735457,node-6:0.3216607585514555,node-4:0.2997326232303708,node-3:0.2970577546191096,frontend2-0:0.27007492229855595,node-2:0.26478166462661007,paymentservice2-0:0.2611739885029864,emailservice-2:0.23895997121892412,node-1:0.2380461818069259,checkoutservice2-0:0.23341286134602623,shippingservice2-0:0.21754402572271636,frontend-2:0.19166787691226325,checkoutservice-2:0.18423396993207974,checkoutservice-1:0.17750219514102059,shippingservice-0:0.1539032281237786,frontend-0:0.14139389505675365,currencyservice-0:0.13910641122286704,frontend-1:0.13854763945937618,cartservice-0:0.13534731707394398,shippingservice-2:0.13082050597846043,emailservice2-0:0.12997539595500626,checkoutservice-0:0.1245793198411891,shippingservice-1:0.12409337558080942,currencyservice-1:0.11614189034941959,currencyservice2-0:0.11455442455392277,productcatalogservice-2:0.1110645420920136,adservice-1:0.10551264695987671,adservice2-0:0.10219552076761397,adservice-0:0.09989272787645403,recommendationservice2-0:0.09727203055394827,cartservice-1:0.09192774523189119,currencyservice-2:0.0868109453883976,emailservice-1:0.0864514835582974,recommendationservice-0:0.08644949697964133,productcatalogservice2-0:0.08062193010282744,productcatalogservice-1:0.08008753737597106,cartservice2-0:0.07569014999478917,adservice-2:0.06887724494864546,paymentservice-2:0.06822099796822306,paymentservice-0:0.06479868200022267,cartservice-2:0.06223298351686705,recommendationservice-2:0.06151849120353975,productcatalogservice-0:0.05540671535880055,paymentservice-1:0.055336485646886945,recommendationservice-1:0.05263895595898768,emailservice-0:0.034906298192590564
1651885771,service,cartservice,Kubernetes Container Network Latency,frontend2-0:0.5512747517156364,productcatalogservice-0:0.545224107923338,productcatalogservice-1:0.5388169286336163,frontend-2:0.520551961717636,emailservice-1:0.5082881289983874,frontend-1:0.5023219712203704,frontend-0:0.4939890262774799,cartservice-0:0.48624879036755936,checkoutservice-1:0.4820804842902467,cartservice-2:0.48193599819680677,cartservice-1:0.4801599453619048,productcatalogservice2-0:0.46943768266342206,cartservice2-0:0.4578562892193921,shippingservice-1:0.4223414136021686,productcatalogservice-2:0.4076617148654451,checkoutservice-0:0.38811393433036806,checkoutservice-2:0.3490683286892318,emailservice2-0:0.3181621503759044,shippingservice2-0:0.30716030610092177,currencyservice-2:0.302258752774204,adservice2-0:0.2875909492433228,currencyservice-1:0.2660084365561582,paymentservice2-0:0.26583745033541234,shippingservice-0:0.2490300863864888,paymentservice-2:0.24894536562969827,checkoutservice2-0:0.2486469914814182,shippingservice-2:0.22491744101330682,emailservice-2:0.21095856858300843,currencyservice-0:0.1583124805422144,node-2:0.14853365165691385,node-6:0.14768297566909608,adservice-0:0.13235332093365856,node-4:0.1256485686080181,adservice-2:0.12073180046321635,node-3:0.11182642944439623,adservice-1:0.09794007418450029,recommendationservice2-0:0.08652673415304651,node-5:0.08571995659151732,recommendationservice-2:0.08438835496891983,currencyservice2-0:0.08391687843593658,recommendationservice-0:0.08292341157376026,paymentservice-0:0.07964886011740432,recommendationservice-1:0.07856548270733738,paymentservice-1:0.069579746695481,emailservice-0:0.06879308455997152,node-1:0.045151840333676085
1651889566,service,recommendationservice,Kubernetes Container Memory Load,recommendationservice-1:0.5723336574557029,recommendationservice2-0:0.48251865594766424,recommendationservice-0:0.47087968360517474,recommendationservice-2:0.4707074283860296,productcatalogservice-0:0.41031609196564406,productcatalogservice-1:0.40049595055142606,adservice-2:0.38300498949069267,currencyservice-0:0.37407716099424343,frontend2-0:0.37095036667794673,checkoutservice-0:0.3661387526590943,checkoutservice-1:0.35914590750046393,currencyservice-1:0.3529544472110735,paymentservice2-0:0.34688845418903247,productcatalogservice2-0:0.3415694326771915,currencyservice2-0:0.3343181556944981,shippingservice-0:0.3339348949718017,shippingservice2-0:0.32010806234923606,adservice2-0:0.30788344034212584,productcatalogservice-2:0.3061251222682559,cartservice-0:0.29582235205617596,frontend-1:0.2952670849290275,frontend-2:0.29504426109616166,cartservice2-0:0.2938803182123105,adservice-0:0.2652255290204524,cartservice-2:0.2610335431523018,frontend-0:0.25182295151763306,currencyservice-2:0.23679641064963386,shippingservice-1:0.22298682928345318,checkoutservice-2:0.20383864171890606,shippingservice-2:0.1891726464473804,cartservice-1:0.17520920549392982,emailservice-2:0.16185368778253476,emailservice-0:0.13456438726456885,emailservice2-0:0.13120434477960083,checkoutservice2-0:0.12123912459508829,adservice-1:0.11291165857530966,paymentservice-2:0.06581579003884215,paymentservice-0:0.056571278308523425,node-6:0.05524891323664293,node-1:0.04962610429464135,node-4:0.04824416604592871,node-2:0.047191677929168695,emailservice-1:0.04114927053446372,paymentservice-1:0.036639872610600054,node-5:0.02461344237715633,node-3:0.015691442701515127
1651891523,service,recommendationservice,Kubernetes Container Write I/O Load,recommendationservice-1:0.7604511991579442,recommendationservice-2:0.745956240960748,recommendationservice-0:0.7379741716840514,recommendationservice2-0:0.6999534430506339,currencyservice-0:0.4357681149391986,currencyservice2-0:0.4334790558902137,frontend-2:0.41223411490336087,shippingservice-1:0.40215531644351676,currencyservice-2:0.36764519265404766,productcatalogservice2-0:0.36298089730558525,productcatalogservice-1:0.34387363670566756,adservice-0:0.33230241841099906,productcatalogservice-2:0.32263762982865934,checkoutservice-2:0.3204279613792682,adservice-2:0.3189419552494253,emailservice-0:0.3169947712845629,emailservice-1:0.3097904617548303,frontend2-0:0.29514774563328,emailservice2-0:0.2933991460688378,shippingservice-2:0.2907096280852292,shippingservice-0:0.2893257316918804,emailservice-2:0.27323707211423054,checkoutservice-1:0.26480821311269637,checkoutservice2-0:0.26455776559655925,cartservice-1:0.26055052884811575,adservice-1:0.2332630186909094,node-5:0.23063503793439333,cartservice-0:0.2275757606968278,checkoutservice-0:0.21618752846217185,productcatalogservice-0:0.21470016277168746,frontend-1:0.20044545525453575,frontend-0:0.1948642799258925,paymentservice2-0:0.17882006509442763,shippingservice2-0:0.1667889682464837,cartservice-2:0.1507885983907001,paymentservice-2:0.14858427101848032,adservice2-0:0.147063404755948,paymentservice-1:0.14381849827389392,currencyservice-1:0.1435570730178655,cartservice2-0:0.14187967669630983,node-2:0.12800184193910483,node-1:0.1012491005240389,node-3:0.09780105923942788,node-4:0.08786848013913214,paymentservice-0:0.08762758234336483,node-6:0.03313094338095363
1651891895,node,node-4,Node CPU Spiking,checkoutservice-2:0.37331995823502123,frontend-1:0.3281325008952663,productcatalogservice2-0:0.31298857771817246,recommendationservice-0:0.2942411308505113,shippingservice-2:0.2937147398433327,paymentservice2-0:0.29009463489983844,checkoutservice-1:0.28895934696626396,recommendationservice-1:0.2861547560673093,recommendationservice-2:0.28533987352875073,shippingservice-0:0.2739254454158492,currencyservice-1:0.26153012955277394,emailservice-1:0.25388561524512915,productcatalogservice-1:0.2531794574662904,adservice-0:0.2485520689283207,currencyservice-2:0.24713138572312765,cartservice-2:0.2443453190059389,currencyservice-0:0.24416491613464242,frontend-2:0.24399176367155684,recommendationservice2-0:0.23822136681100833,adservice-1:0.23798349018172518,cartservice-0:0.23787932888701904,productcatalogservice-2:0.23760010247724997,checkoutservice-0:0.2368718012260207,shippingservice-1:0.23630222211066831,frontend-0:0.2342264260794037,cartservice-1:0.22639183776707697,adservice-2:0.22051127078725621,checkoutservice2-0:0.22009025196134915,node-4:0.20842540377552207,currencyservice2-0:0.20634420190300995,emailservice2-0:0.20130118664400054,shippingservice2-0:0.1968340970766719,frontend2-0:0.19319923549739249,emailservice-0:0.19213204443162243,cartservice2-0:0.19123201900141693,node-1:0.17173728566794935,emailservice-2:0.16461072557229114,paymentservice-1:0.16348173941864294,paymentservice-0:0.161185919767088,node-5:0.15753017532410993,productcatalogservice-0:0.1571726965567685,adservice2-0:0.14980532133709074,node-2:0.145959394272786,node-3:0.12946099312635798,paymentservice-2:0.1274559812914424,node-6:0.09297165068723108
1651896807,node,node-6,Node Disk Read I/O Consumption,node-6:0.5432475008954168,node-4:0.43011830357540837,node-2:0.3752402180623739,node-3:0.29197286309349824,node-5:0.17659258673949765,node-1:0.17536240379241197,adservice2-0:0.1371983460728098,frontend2-0:0.11118547624966917,frontend-2:0.1095442741600156,adservice-1:0.10952824770696111,adservice-0:0.10947310700536285,frontend-1:0.09709904522802147,recommendationservice-2:0.09094207417833133,adservice-2:0.08874647977084825,productcatalogservice-0:0.08058005482974459,checkoutservice-1:0.08045263051252101,cartservice-2:0.07272366222092207,frontend-0:0.07169648388408495,shippingservice-2:0.07046436098287305,checkoutservice-0:0.0683113493792747,paymentservice-2:0.06650855277346006,cartservice2-0:0.06462241413276391,emailservice2-0:0.0608346032601351,shippingservice-0:0.05686763271557734,productcatalogservice-1:0.056031516986105645,productcatalogservice-2:0.05491267524511653,emailservice-2:0.05417217632476024,emailservice-1:0.05210276384216475,recommendationservice-0:0.051775317455525355,paymentservice-1:0.049350361302552305,currencyservice-2:0.047882828820316435,emailservice-0:0.047405623817643815,productcatalogservice2-0:0.04678024875560735,recommendationservice-1:0.04526100040132422,checkoutservice-2:0.04486585533696541,recommendationservice2-0:0.04483096623650107,shippingservice-1:0.0446568193885781,paymentservice-0:0.04388372082437386,cartservice-0:0.04193530809916835,shippingservice2-0:0.04076742485917544,currencyservice-1:0.04031385564015079,currencyservice-0:0.03885538891691168,checkoutservice2-0:0.03710064986073416,cartservice-1:0.03510703254422094,currencyservice2-0:0.025195285071588105,paymentservice2-0:0.02255501492805867
1651897275,service,currencyservice,Kubernetes Container Memory Load,currencyservice-0:0.6803072074467419,currencyservice-1:0.6651437386433375,currencyservice-2:0.6638276449694345,currencyservice2-0:0.6021716643300825,paymentservice-1:0.3976665325299722,cartservice-0:0.3792339018436716,adservice-1:0.3754621106037442,frontend-1:0.3671423519815565,cartservice-2:0.3608997570199028,paymentservice-2:0.34540621683504674,cartservice2-0:0.34489603015391995,checkoutservice-0:0.3445407075646665,frontend2-0:0.3190359232282353,frontend-0:0.3003170923479022,cartservice-1:0.2977217602279692,adservice-2:0.29458839553368293,shippingservice2-0:0.2927059927561282,paymentservice-0:0.28329891621673,checkoutservice-1:0.27560860979806373,checkoutservice-2:0.26853983453633273,adservice2-0:0.26610890422725747,emailservice-2:0.26259652798683036,frontend-2:0.2593070915769817,shippingservice-0:0.25843476617091715,checkoutservice2-0:0.25541027858766807,shippingservice-1:0.24120676135470864,adservice-0:0.23879967571767083,shippingservice-2:0.18653415210968613,productcatalogservice2-0:0.17950641295272016,paymentservice2-0:0.16204904748845644,productcatalogservice-0:0.15226596119272867,emailservice-1:0.1509418219488254,productcatalogservice-2:0.13914000207562463,productcatalogservice-1:0.12326681889338692,emailservice2-0:0.12005872819042006,emailservice-0:0.11741125739077524,recommendationservice2-0:0.11355109786018376,recommendationservice-0:0.10415473913919737,recommendationservice-2:0.08865438567612001,recommendationservice-1:0.0779268324077337,node-5:0.010699484257996439,node-3:0.0015011671230182515,node-6:0.0008670398066751971,node-4:0.00033529763685794504,node-1:5.079779908346791e-05,node-2:5.011965548923277e-05
1651899367,pod,recommendationservice-1,Kubernetes Container CPU Load,checkoutservice-2:0.5290220106666096,recommendationservice-1:0.526418027104348,checkoutservice2-0:0.48711441756321,frontend-0:0.48538065513982503,emailservice2-0:0.45085986164183595,checkoutservice-1:0.4477837927223452,frontend-2:0.43685779175982953,frontend-1:0.43030457128754335,frontend2-0:0.39632089992406233,checkoutservice-0:0.38732498477522276,adservice-2:0.37055050147081214,emailservice-1:0.3660875168788041,paymentservice-1:0.32622163229450546,currencyservice-2:0.32022424667176425,cartservice-0:0.30560908155555966,emailservice-2:0.29450811918056014,shippingservice2-0:0.29202149743038613,productcatalogservice-1:0.28909694735007246,cartservice2-0:0.28715542891593077,shippingservice-0:0.28586483225322673,paymentservice2-0:0.2793119573854433,currencyservice-1:0.26390293872333975,cartservice-1:0.2636804638747077,shippingservice-1:0.26230436725237344,shippingservice-2:0.2611591066508889,emailservice-0:0.26095798087282723,adservice-0:0.24784733906618983,productcatalogservice-2:0.24477447323574772,adservice-1:0.23945622195827898,paymentservice-0:0.23347430312971995,adservice2-0:0.22604520383619967,currencyservice-0:0.2136740578545743,recommendationservice-0:0.19436353082843938,paymentservice-2:0.18947335357921205,productcatalogservice-0:0.18376005942065934,cartservice-2:0.15780273982600965,productcatalogservice2-0:0.1468016012421738,currencyservice2-0:0.1396489135822551,recommendationservice-2:0.1285386084548279,node-2:0.11546248480366718,node-3:0.10942841310850056,node-5:0.10634510561343809,node-1:0.09869727529788314,recommendationservice2-0:0.094447944457634,node-6:0.08262452524926579,node-4:0.05030026615511341
1651900839,node,node-5,Node Memory Consumption,node-3:0.3620589332631495,node-5:0.24212561999838278,node-4:0.2017130082942514,productcatalogservice2-0:0.18520464779856735,adservice-0:0.1634208209501931,shippingservice2-0:0.16104651083984764,frontend-2:0.15321599650040083,frontend-1:0.14224525148398462,checkoutservice-2:0.14215322985596318,shippingservice-0:0.1368927169304612,emailservice-0:0.12963091861990284,frontend-0:0.1276662585975569,recommendationservice-1:0.12095227122026075,adservice-2:0.12066390671796291,recommendationservice-2:0.11875681847433767,currencyservice2-0:0.11110311960706241,productcatalogservice-0:0.10712537643821202,productcatalogservice-2:0.10192471469134907,productcatalogservice-1:0.09216116300562704,checkoutservice2-0:0.09152726864374493,node-2:0.08779878297341681,node-6:0.07721186659470243,node-1:0.0741102825603258,currencyservice-0:0.0673487938690827,currencyservice-2:0.06728909220085359,recommendationservice2-0:0.06606442667384312,frontend2-0:0.06460504610831759,shippingservice-1:0.05948583546051467,cartservice-1:0.05673360005161792,currencyservice-1:0.05578002372115589,emailservice2-0:0.051846825917515084,cartservice-0:0.05142156351458408,checkoutservice-1:0.05060440052197271,recommendationservice-0:0.048892075130733514,emailservice-2:0.04881723476473792,paymentservice-1:0.04720853688677909,paymentservice-0:0.04716826238633046,paymentservice-2:0.0467727515936695,adservice2-0:0.04522873929578578,cartservice2-0:0.04325597897617434,shippingservice-2:0.04272621474332002,cartservice-2:0.0399416372360465,paymentservice2-0:0.03907094733476197,checkoutservice-0:0.03828551268455994,emailservice-1:0.03627704932998304,adservice-1:0.034421699700030124
1651904204,node,node-3,Node CPU Spiking,node-3:0.4500507192257343,checkoutservice-1:0.28536722164168077,checkoutservice-0:0.2767889890731336,checkoutservice-2:0.27620684362512843,node-5:0.268497040181319,checkoutservice2-0:0.25308400779123,cartservice-2:0.24214679214715076,shippingservice-1:0.23864675146222739,currencyservice-2:0.23097639442080328,shippingservice-2:0.22816829804691285,frontend2-0:0.21621192749457194,adservice2-0:0.21277134232451334,node-4:0.202038981514261,frontend-2:0.19696316006122896,emailservice2-0:0.19317315981564578,paymentservice-2:0.18881260969040614,adservice-2:0.1819521348444261,shippingservice-0:0.17960166280873693,node-2:0.17776800826834618,recommendationservice-2:0.17675791147592346,cartservice2-0:0.1763641054045545,adservice-0:0.17533603455147692,frontend-0:0.15992138008400003,cartservice-0:0.15860173725827534,adservice-1:0.1558891792863381,frontend-1:0.14840819822119522,emailservice-2:0.14748295934864386,paymentservice2-0:0.14661094164119207,emailservice-0:0.14420331835848943,node-1:0.13978115244433367,recommendationservice2-0:0.13882641555332395,currencyservice-1:0.13700684897412502,emailservice-1:0.1366064658539911,cartservice-1:0.13448630798955116,shippingservice2-0:0.13154285472383365,paymentservice-0:0.13025401864810096,productcatalogservice-1:0.12279148575947511,productcatalogservice-2:0.12204133614985498,paymentservice-1:0.11753782351374038,node-6:0.11695987272392178,recommendationservice-0:0.10237794630682913,currencyservice-0:0.10194618414025612,recommendationservice-1:0.09963627764239308,productcatalogservice2-0:0.09718487498161472,productcatalogservice-0:0.09300887225660505,currencyservice2-0:0.08581094940538414
1651904895,service,productcatalogservice,Kubernetes Container Process Termination,productcatalogservice-1:0.5204407522070985,productcatalogservice-0:0.5075792102582412,productcatalogservice-2:0.5045658309210639,productcatalogservice2-0:0.47729312034821597,checkoutservice-1:0.448887823118584,checkoutservice-0:0.41788417519337084,frontend2-0:0.40120852042596816,checkoutservice2-0:0.35778561027937106,adservice2-0:0.3239779136677917,cartservice-2:0.31570801557906963,frontend-0:0.31499147822209295,cartservice2-0:0.3101642905035021,cartservice-0:0.310124262504833,frontend-1:0.30885087971088604,checkoutservice-2:0.3053325320982805,adservice-2:0.29850229066487927,adservice-1:0.2959698876049454,shippingservice-2:0.28066860409373506,emailservice2-0:0.2727137325508116,shippingservice-0:0.2577664834770653,frontend-2:0.2570875254094207,shippingservice-1:0.2539235214135902,paymentservice2-0:0.23789984222526916,paymentservice-2:0.20715105516566013,shippingservice2-0:0.20371862208878763,emailservice-0:0.19762931086640623,paymentservice-1:0.19738853446101923,paymentservice-0:0.19194519772557328,adservice-0:0.1873618764539271,cartservice-1:0.1714213678784624,currencyservice-1:0.16135785257794652,emailservice-2:0.1534749073244439,emailservice-1:0.13565930097361786,currencyservice-2:0.12141312356960528,currencyservice-0:0.11564599527632995,recommendationservice-1:0.11011880260358059,recommendationservice-2:0.10540329648276729,recommendationservice2-0:0.1047924721818954,recommendationservice-0:0.10160461899513451,currencyservice2-0:0.09042536261041205,node-3:0.024099702899099813,node-2:0.02072517542873684,node-5:0.020436048696753428,node-6:0.006880921822336231,node-1:0.005137758288646163,node-4:0.004469720396145053
1651906320,service,recommendationservice,Kubernetes Container Read I/O Load,recommendationservice-2:0.7138026448139227,recommendationservice-0:0.7045631687314654,recommendationservice2-0:0.6928423272962968,recommendationservice-1:0.6411003936244709,productcatalogservice2-0:0.45780884129959654,frontend-1:0.4555154566785771,checkoutservice-0:0.4339586988211768,checkoutservice-2:0.41835637523620034,productcatalogservice-2:0.4115281606670823,cartservice-0:0.3930644608783006,cartservice-1:0.38860714796033957,adservice2-0:0.3708512322950413,productcatalogservice-0:0.3700698078673129,frontend2-0:0.3592671371117998,checkoutservice2-0:0.35266478829413456,shippingservice-1:0.34940516184952897,frontend-2:0.34586294713133886,cartservice-2:0.33973326694624084,checkoutservice-1:0.32367460416403315,emailservice-2:0.3210587464695226,adservice-2:0.31994506585412547,shippingservice-0:0.3198650504428562,productcatalogservice-1:0.3095297495146926,paymentservice-0:0.29384179518554343,cartservice2-0:0.289747686342837,frontend-0:0.27876949972513765,node-5:0.2743469998410085,shippingservice-2:0.27004359575350906,emailservice2-0:0.2671484763096718,currencyservice-1:0.2587879051358981,shippingservice2-0:0.25832035921621127,currencyservice2-0:0.2540336556026663,adservice-0:0.2491671589193943,currencyservice-0:0.23698250722967615,paymentservice-1:0.23030090554837238,adservice-1:0.22990076799881667,emailservice-1:0.20982840692723084,currencyservice-2:0.1974601739207578,emailservice-0:0.1864111606871425,paymentservice-2:0.16232893635267198,paymentservice2-0:0.10885555713641995,node-4:0.10430383216063017,node-3:0.03967974365001003,node-2:0.0334235763201588,node-6:0.023634975251852146,node-1:0.016890893746880256
1651908253,service,adservice,Kubernetes Container Memory Load,adservice-1:0.7809129040886741,adservice-2:0.7754399265691512,adservice2-0:0.7703041630051257,adservice-0:0.7206604370733029,productcatalogservice-2:0.6160601093109203,recommendationservice2-0:0.5221661018820115,productcatalogservice2-0:0.4856927676594573,cartservice-2:0.437676890635931,productcatalogservice-0:0.4371557644640372,currencyservice-2:0.42407277789793757,checkoutservice-1:0.4240131728580707,checkoutservice2-0:0.4191212942474854,emailservice-2:0.4036361894947658,cartservice-1:0.3809356815381793,frontend-2:0.36783108203686316,cartservice-0:0.3528311773287633,frontend2-0:0.3509094518000393,currencyservice-0:0.3415247894844277,currencyservice2-0:0.33179331922165745,checkoutservice-2:0.3304681739172251,productcatalogservice-1:0.32589742375964403,currencyservice-1:0.3168344498111901,recommendationservice-2:0.3147388943456339,paymentservice-1:0.310493325325034,checkoutservice-0:0.2970655468059157,paymentservice-0:0.28743206477160127,frontend-0:0.2796006479398752,shippingservice-1:0.27348884664187106,shippingservice2-0:0.27142678955650695,shippingservice-0:0.2354628756157409,frontend-1:0.22916386314188628,recommendationservice-1:0.22280934355076812,recommendationservice-0:0.21341948993530188,paymentservice-2:0.21298724369789868,shippingservice-2:0.13857253710057324,paymentservice2-0:0.10584515657348013,emailservice-0:0.10090345684771689,emailservice2-0:0.0817635152026207,cartservice2-0:0.0614605978835537,emailservice-1:0.046635886642865776,node-1:0.02223477884978522,node-4:0.01978807359759013,node-6:0.012919698721484574,node-3:0.011937533303679325,node-2:0.008216593996529903,node-5:0.004878725322857622
1651909424,service,adservice,Kubernetes Container Read I/O Load,adservice-2:0.6351069553271127,adservice-0:0.5817792116022832,adservice-1:0.5488283282798196,adservice2-0:0.49589992644103215,checkoutservice-0:0.46370159410313283,paymentservice2-0:0.4313654980645085,shippingservice2-0:0.4170660905752605,cartservice-0:0.3925070177737078,shippingservice-0:0.3558822338326956,productcatalogservice2-0:0.33309690567476813,currencyservice2-0:0.33266743153481626,emailservice2-0:0.3315450714150155,checkoutservice-2:0.3311485997818482,frontend-2:0.3123564720233782,paymentservice-0:0.30804556800588306,currencyservice-2:0.30572898591920944,cartservice2-0:0.29650428545390983,paymentservice-1:0.29515339178226746,checkoutservice2-0:0.29473934495148074,emailservice-2:0.29382146778991924,recommendationservice2-0:0.2860635966023399,cartservice-1:0.2846642574588614,currencyservice-0:0.27578971303235494,emailservice-1:0.274962558038489,shippingservice-2:0.2723617460848177,productcatalogservice-1:0.2703126271643561,currencyservice-1:0.2643292001253878,frontend-1:0.25896574521242727,productcatalogservice-2:0.25840580518680395,recommendationservice-0:0.2539226992654893,emailservice-0:0.24815919388174368,checkoutservice-1:0.24650928812705178,frontend-0:0.2448764486740196,paymentservice-2:0.23824345803590405,cartservice-2:0.23793260790389117,recommendationservice-2:0.22062245519698145,frontend2-0:0.2166863243753521,recommendationservice-1:0.21292897656257526,node-5:0.20229112483774672,shippingservice-1:0.2012229270918567,productcatalogservice-0:0.17591906591315323,node-3:0.1739648780102032,node-1:0.06837797292794365,node-4:0.060882301560197444,node-2:0.05629617803130451,node-6:0.05455204045262948
1651910133,service,frontend,Kubernetes Container Network Packet Loss,frontend-1:0.6183591424380858,frontend-2:0.6053958078771858,frontend-0:0.5975168674677962,frontend2-0:0.5900006013241517,productcatalogservice2-0:0.5732656879359165,productcatalogservice-0:0.5029514944519875,productcatalogservice-2:0.49992058654586863,paymentservice2-0:0.465856879655793,adservice2-0:0.44953606265419416,emailservice-1:0.43347371057655826,adservice-2:0.427674307985737,paymentservice-1:0.4268772360794608,recommendationservice-0:0.42648612980912587,paymentservice-2:0.4237614732919153,shippingservice2-0:0.4224466131178017,emailservice2-0:0.41995781779998614,emailservice-0:0.41758632946573,shippingservice-0:0.4161947575925458,productcatalogservice-1:0.41510018752906613,emailservice-2:0.41365030984393586,currencyservice2-0:0.40721703405375953,adservice-0:0.39981112462339313,shippingservice-2:0.394045910614298,checkoutservice-2:0.39171321657820585,currencyservice-2:0.3912067955022483,checkoutservice-1:0.3905945413664373,checkoutservice-0:0.38865111628157994,paymentservice-0:0.3860442875578947,adservice-1:0.37221761540383863,currencyservice-1:0.37122261347212265,currencyservice-0:0.35987733666841554,recommendationservice2-0:0.35402495161718256,cartservice-0:0.34640140601758523,shippingservice-1:0.34475171653359155,checkoutservice2-0:0.33594084163869686,recommendationservice-2:0.33325822949907014,recommendationservice-1:0.3310223208001239,cartservice-2:0.3233434309470243,cartservice-1:0.2258146844368615,cartservice2-0:0.2156853884798625,node-5:0.05384834090893986,node-3:0.02146494421751599,node-6:0.00022896227332023456,node-1:0.00010087703931831219,node-2:4.941072142782918e-05,node-4:4.066992992081594e-05
1651913210,node,node-6,Node Disk Read I/O Consumption,node-6:0.5230716139160936,node-2:0.2492470240125507,node-3:0.24624795229085192,node-4:0.22544775909281103,node-1:0.20429893436308696,adservice-0:0.16808175763359678,currencyservice-1:0.14276070632045604,frontend-1:0.1348430846134339,productcatalogservice2-0:0.13197521745210758,productcatalogservice-1:0.12864631218899278,recommendationservice-2:0.12126979545825922,productcatalogservice-2:0.11921401275134534,frontend-2:0.11834618244974342,productcatalogservice-0:0.11774220680305858,shippingservice-2:0.11128105391134731,paymentservice-2:0.1039253667465919,adservice-2:0.10251206200430735,frontend-0:0.0976703340369416,cartservice2-0:0.09635579038353714,currencyservice-2:0.0956851183384426,emailservice2-0:0.0931660967526069,frontend2-0:0.09204476267164456,recommendationservice2-0:0.09120767053675062,checkoutservice2-0:0.08852330592763247,paymentservice2-0:0.0873642414597172,cartservice-2:0.08709814829532657,adservice-1:0.08258811591546654,adservice2-0:0.08178372165757085,currencyservice-0:0.07944682959781015,recommendationservice-1:0.07639747466203246,checkoutservice-1:0.0745505419503626,currencyservice2-0:0.07355511414825475,cartservice-1:0.07125278137802223,checkoutservice-0:0.06645432892652446,shippingservice2-0:0.06601357685568911,shippingservice-1:0.06535589810524613,node-5:0.06401489561857303,emailservice-2:0.06368220953762314,emailservice-0:0.059412150520242644,recommendationservice-0:0.05800573043213749,emailservice-1:0.056411945911809765,cartservice-0:0.0538539832579158,paymentservice-0:0.04901231824398733,paymentservice-1:0.048825246365249216,shippingservice-0:0.04840359588732094,checkoutservice-2:0.04296288304988039
1651915992,service,adservice,Kubernetes Container Memory Load,adservice2-0:0.4538096618071505,checkoutservice-0:0.4242690380213718,adservice-1:0.4220512005897501,adservice-2:0.40171844436443743,currencyservice2-0:0.39917930241952804,checkoutservice-2:0.38930941924819323,cartservice-2:0.3745677217701376,emailservice2-0:0.3604437083660254,shippingservice2-0:0.3483413323241171,recommendationservice-2:0.34099521490420615,shippingservice-2:0.32676712471734937,checkoutservice-1:0.3218935168084674,adservice-0:0.3166785815936533,paymentservice-2:0.30881307089242904,cartservice-0:0.3048348425082774,productcatalogservice2-0:0.2996129380366514,checkoutservice2-0:0.2865904455100267,shippingservice-0:0.27062216703681835,frontend-0:0.2605417662458596,recommendationservice-1:0.2599241068027735,frontend-2:0.23899326824831113,productcatalogservice-1:0.23435993614961595,shippingservice-1:0.23304385597148036,emailservice-1:0.21958491862219232,emailservice-2:0.21682161138968095,cartservice-1:0.2119728153415473,currencyservice-1:0.20349726212359112,paymentservice-1:0.20167763684539416,productcatalogservice-2:0.19323314838661776,frontend-1:0.1915103501033709,recommendationservice-0:0.18036923701734317,cartservice2-0:0.164717969578823,emailservice-0:0.16422354784118023,paymentservice-0:0.1605895558026957,currencyservice-0:0.15801519995194035,paymentservice2-0:0.15074238173534474,productcatalogservice-0:0.1459679813140716,currencyservice-2:0.14225350674540324,frontend2-0:0.1284593071097592,recommendationservice2-0:0.11894626923081993,node-1:0.10734663945880774,node-6:0.09343940820516856,node-3:0.07406389850994613,node-2:0.059215482780363,node-4:0.05798543375897768,node-5:0.039463022626441475
1651918114,node,node-1,Node Disk Write I/O Consumption,node-1:0.5649363891511262,cartservice-0:0.5203193567991932,cartservice-2:0.501126210227978,cartservice-1:0.4255135954842028,node-3:0.3687363793881413,frontend-0:0.34861519044127415,frontend-1:0.3398664193716843,adservice-2:0.32856432841415967,frontend-2:0.315856639637666,paymentservice-2:0.31157949017996184,recommendationservice2-0:0.3087636506065539,shippingservice-0:0.30544934508054616,cartservice2-0:0.30250376519406186,frontend2-0:0.2859452681632169,adservice-1:0.2810920108668043,emailservice-1:0.27042193508242335,productcatalogservice-2:0.2697286643394038,currencyservice2-0:0.2695884775775553,recommendationservice-0:0.2673958476350637,emailservice-0:0.2662543659584113,node-6:0.2657448935773456,currencyservice-0:0.2626521600896093,shippingservice-1:0.2552459792351815,paymentservice-0:0.25094429615630687,productcatalogservice-1:0.25026000901483275,adservice2-0:0.24956849565630987,currencyservice-1:0.24638984776046122,productcatalogservice2-0:0.24629817924867306,emailservice-2:0.24040550203237232,currencyservice-2:0.23924028995682134,shippingservice-2:0.22925877825009713,checkoutservice2-0:0.22793381207882654,shippingservice2-0:0.22711458688597583,checkoutservice-1:0.2244990596311597,paymentservice-1:0.22160673446219506,checkoutservice-0:0.22048844014404848,recommendationservice-1:0.21631487176399075,checkoutservice-2:0.2033934743873371,recommendationservice-2:0.19214947731490264,productcatalogservice-0:0.18614415826426123,paymentservice2-0:0.1472028019468427,node-4:0.14703849431455654,emailservice2-0:0.1422295389361233,adservice-0:0.12864651457870155,node-5:0.12623761457343619,node-2:0.10865677341580326
1651919818,service,frontend,Kubernetes Container Network Latency,emailservice-1:0.4510240621897185,cartservice2-0:0.4045091935289653,frontend-1:0.34435680526600043,frontend2-0:0.32619283311508346,adservice2-0:0.3164210412276299,frontend-0:0.31576028939407447,frontend-2:0.31253301479503626,emailservice-2:0.2800886952128437,paymentservice2-0:0.2794968676435442,paymentservice-2:0.2714258401000567,productcatalogservice-2:0.27099837541553246,checkoutservice-0:0.2682296070734173,productcatalogservice2-0:0.2604690413374316,adservice-2:0.24312770826534988,productcatalogservice-0:0.23006741596933425,shippingservice-0:0.21707723728875358,currencyservice-0:0.2145715540219525,productcatalogservice-1:0.21336551685639038,currencyservice-1:0.19407305292827606,adservice-1:0.19098923482692434,adservice-0:0.17980607398153273,shippingservice-1:0.17625192542742837,paymentservice-1:0.1715535951993851,shippingservice2-0:0.1713968348786953,paymentservice-0:0.16981404010243195,currencyservice-2:0.16221952758235694,checkoutservice2-0:0.16197149563219537,shippingservice-2:0.16061087425989257,recommendationservice2-0:0.15644229864132853,recommendationservice-0:0.15250854424288743,recommendationservice-1:0.1499013913966721,recommendationservice-2:0.14668370695754127,emailservice-0:0.14503799189824262,emailservice2-0:0.1359637678614131,currencyservice2-0:0.13196235933802317,checkoutservice-1:0.13121258849299758,checkoutservice-2:0.12547650594092982,cartservice-1:0.12092556864903076,cartservice-2:0.12084391297684212,cartservice-0:0.10727046717582772,node-3:0.05652432097498317,node-5:0.048594442851341096,node-4:0.044141648318283384,node-2:0.04210760998193048,node-6:0.01877837792589268,node-1:0.016843401362439406
1651920562,pod,adservice-0,Kubernetes Container Write I/O Load,adservice2-0:0.4951747953380999,checkoutservice2-0:0.484432719074344,adservice-1:0.4796869596592151,emailservice-2:0.47182316082300674,checkoutservice-0:0.453371913902699,checkoutservice-2:0.44504443198111304,adservice-0:0.4447052912465737,paymentservice-2:0.43576405611915087,checkoutservice-1:0.4354219092922726,emailservice-0:0.42453411440940597,shippingservice-0:0.41210466657719397,paymentservice2-0:0.3974399672138323,currencyservice2-0:0.37904188413857737,productcatalogservice-0:0.3745749254976504,frontend2-0:0.36706467302578477,recommendationservice-0:0.3649772676299264,shippingservice-1:0.36273719724859194,emailservice-1:0.3591676580474063,paymentservice-0:0.35114560112610843,cartservice2-0:0.345248676702201,recommendationservice2-0:0.34357752569617755,paymentservice-1:0.3391912037493816,frontend-0:0.33750128135554697,productcatalogservice-2:0.33497903576050275,recommendationservice-2:0.32754828096746164,recommendationservice-1:0.31572701980309376,shippingservice2-0:0.31116083286732826,productcatalogservice-1:0.3050029564795949,adservice-2:0.29486483715161727,cartservice-0:0.29467035013299064,cartservice-2:0.2940776972923174,currencyservice-2:0.286085793345456,frontend-1:0.27308613014108074,productcatalogservice2-0:0.27181249134584995,cartservice-1:0.2684949392174996,currencyservice-1:0.2668212282943549,frontend-2:0.25526401551390215,shippingservice-2:0.2512280904474902,emailservice2-0:0.23660795277290236,currencyservice-0:0.23410124444586897,node-5:0.03299547168182259,node-3:0.024564044192885288,node-6:0.020053334293383084,node-4:0.0136530421104634,node-1:0.006699113897994533,node-2:0.004086200417375
1651922476,node,node-2,Node Disk Space Consumption,node-2:0.5811749507452404,node-3:0.3508737671102875,node-5:0.31630631681627325,node-4:0.2696308277978177,node-1:0.22177735864490858,checkoutservice2-0:0.21124882241643406,emailservice2-0:0.20722658490907153,recommendationservice-2:0.20117682008770063,recommendationservice-1:0.19678214494328858,productcatalogservice2-0:0.18830310066549136,node-6:0.18781734501808653,productcatalogservice-2:0.18295822844169332,emailservice-1:0.17942937521334656,shippingservice-0:0.17920372221969313,productcatalogservice-1:0.17793095929423666,checkoutservice-0:0.17473112449899206,shippingservice-1:0.16817134815019605,currencyservice2-0:0.16763299630108433,emailservice-0:0.16685996694134167,currencyservice-1:0.166313741185964,productcatalogservice-0:0.16223459634050955,currencyservice-0:0.16135019417660315,checkoutservice-1:0.16094737679641324,shippingservice-2:0.16016150691653866,checkoutservice-2:0.1590676518033327,adservice-1:0.15444918652027664,shippingservice2-0:0.1537021097523741,frontend-1:0.15362241250040765,frontend-0:0.1521514509355492,recommendationservice-0:0.14973592407065578,currencyservice-2:0.14926471576946915,emailservice-2:0.14840554625749025,recommendationservice2-0:0.14736968033271838,cartservice-0:0.1472156162498883,cartservice-2:0.14045560386465125,cartservice-1:0.1395494729221134,cartservice2-0:0.13944565890136196,frontend2-0:0.13858485226231546,adservice2-0:0.13767898934805325,paymentservice2-0:0.1333010819565725,paymentservice-1:0.12516476059257317,adservice-2:0.1217600960647231,paymentservice-0:0.11438875829117069,adservice-0:0.1139447369707806,paymentservice-2:0.11286747781243404,frontend-2:0.09613272701529824
1651926867,node,node-4,Node Memory Consumption,node-4:0.616650360454908,node-2:0.4074682018256133,node-3:0.3432456469943343,node-6:0.31069910713965876,productcatalogservice-2:0.12279663289964059,checkoutservice-2:0.1155037546169382,productcatalogservice-1:0.11284304642752384,node-1:0.10738121096936205,emailservice-2:0.10705566167862347,recommendationservice-0:0.10466439606211557,adservice-1:0.10300273529466782,frontend-2:0.0992366039271746,checkoutservice-1:0.09768753413247178,productcatalogservice-0:0.09665797465494207,cartservice-0:0.09321363271543807,cartservice2-0:0.08987486643751591,recommendationservice2-0:0.08799093448375524,currencyservice-2:0.08645676541098087,frontend-1:0.08606697823712417,frontend-0:0.08476531116330971,currencyservice-0:0.08093423469566462,checkoutservice2-0:0.08091471116800897,shippingservice-1:0.08018543223880355,currencyservice-1:0.07950442820196224,paymentservice-1:0.0792483533499809,emailservice-1:0.07889762516778885,shippingservice2-0:0.07878997086841352,currencyservice2-0:0.07860419983110549,checkoutservice-0:0.07676885440614263,paymentservice-0:0.07582193118665709,productcatalogservice2-0:0.07296500372132918,frontend2-0:0.07296487406115648,cartservice-1:0.07225070804153223,shippingservice-0:0.07146239614614727,node-5:0.071223542929422,adservice2-0:0.06777847899086888,shippingservice-2:0.06769611159255813,emailservice-0:0.06739331215192829,recommendationservice-1:0.06620751944206789,recommendationservice-2:0.05497176769493922,paymentservice2-0:0.049562492654217076,adservice-0:0.049514826824929005,paymentservice-2:0.046531298504883835,emailservice2-0:0.04351376104746788,adservice-2:0.04173592837049741,cartservice-2:0.03788802166796058
1651928188,node,node-5,Node Disk Read I/O Consumption,node-5:0.433793050510223,frontend-1:0.3989062824859131,productcatalogservice2-0:0.3769607245214157,frontend2-0:0.36233075306004525,frontend-2:0.3344625350215283,frontend-0:0.32578244320157146,productcatalogservice-1:0.3135688997259693,checkoutservice-0:0.30859227377083936,adservice-1:0.3032787634554293,shippingservice-0:0.2981439092118256,paymentservice-2:0.29683231556221507,currencyservice2-0:0.29194040785960673,checkoutservice2-0:0.2889720828345319,recommendationservice2-0:0.28461862697712376,adservice-0:0.2803934385311731,shippingservice-1:0.277215202159524,productcatalogservice-2:0.2735698438276441,currencyservice-2:0.2728003043746877,adservice2-0:0.26684212820510644,paymentservice-0:0.26646571520045653,currencyservice-0:0.2630019377993735,paymentservice-1:0.2575859505065366,checkoutservice-1:0.25260405957595294,shippingservice-2:0.24519841206793203,shippingservice2-0:0.24254601863239744,emailservice-2:0.23961682430981313,node-3:0.2392503597664707,emailservice-1:0.23871396450774887,cartservice2-0:0.2351421002424319,productcatalogservice-0:0.2327504488758491,node-4:0.23268188220297947,adservice-2:0.22712462807592726,cartservice-1:0.22287901868269755,emailservice-0:0.21632345529749006,cartservice-2:0.20954494752481803,recommendationservice-1:0.20869593408113296,node-6:0.2068466750472775,checkoutservice-2:0.20676893696882317,recommendationservice-0:0.2065016982176852,emailservice2-0:0.2023769386086881,recommendationservice-2:0.20050952642155917,currencyservice-1:0.19717466029620456,paymentservice2-0:0.18730616953847093,cartservice-0:0.17952138025635198,node-2:0.1720451668137062,node-1:0.1450290232245924
1651929878,node,node-1,Node CPU Failure,recommendationservice-1:0.45114320969984373,productcatalogservice2-0:0.3810721076250769,node-1:0.36561290733749785,productcatalogservice-0:0.31149863205616707,recommendationservice-2:0.24976566803193165,shippingservice2-0:0.23857478544484778,cartservice-2:0.23637021838081196,checkoutservice2-0:0.23386753547885675,productcatalogservice-1:0.22982970734058394,frontend2-0:0.22568581048248357,checkoutservice-2:0.22087413733124736,paymentservice2-0:0.22038382986298574,currencyservice2-0:0.214288264491429,checkoutservice-0:0.20718655464651028,shippingservice-2:0.20586279922787307,productcatalogservice-2:0.20465441539738005,node-2:0.20190400804284084,recommendationservice-0:0.20036917175867616,checkoutservice-1:0.19949699974290755,frontend-2:0.19583138174911652,recommendationservice2-0:0.19445741841515152,emailservice2-0:0.18512083772216784,node-3:0.1741960192320897,paymentservice-1:0.17220401020705858,adservice-2:0.16655620161333695,cartservice-1:0.16653301814958868,currencyservice-1:0.16303114840162872,node-6:0.1622814749205956,shippingservice-0:0.1617783365768232,emailservice-1:0.15766727354872184,adservice-0:0.1465231063928439,node-5:0.1426208185922753,frontend-0:0.14218292985765152,paymentservice-2:0.14098938332609365,paymentservice-0:0.13986256738268554,node-4:0.1267421150686457,shippingservice-1:0.1266290893730602,adservice-1:0.12242196304201529,cartservice2-0:0.11859613870026131,cartservice-0:0.11759786325027154,frontend-1:0.11675211173411558,adservice2-0:0.11179568496455643,currencyservice-2:0.10932388037441082,emailservice-0:0.10295895616995843,emailservice-2:0.09374590804827948,currencyservice-0:0.08746734903138143
1651934221,pod,adservice2-0,Kubernetes Container Read I/O Load,paymentservice2-0:0.43264682552887984,adservice2-0:0.41546122576671624,cartservice2-0:0.38722672515388856,shippingservice2-0:0.37936193488692876,productcatalogservice2-0:0.36958986922220644,frontend-2:0.35396123608742497,emailservice2-0:0.3451576758728356,frontend-0:0.34195848131037093,frontend-1:0.3370809785445919,checkoutservice-1:0.333882671470138,adservice-2:0.3275029134299594,checkoutservice2-0:0.3210148702809763,shippingservice-1:0.306314616729555,emailservice-1:0.2906663143630253,cartservice-0:0.28848900973833097,checkoutservice-2:0.28768167604364736,checkoutservice-0:0.282495623442467,emailservice-2:0.2737297957395375,frontend2-0:0.26569192525983293,cartservice-2:0.2629224172802595,paymentservice-0:0.25529074140567326,currencyservice2-0:0.2541215026112966,productcatalogservice-2:0.24932944360899176,adservice-0:0.24829744492672653,recommendationservice2-0:0.24828315660100764,shippingservice-0:0.2415382003452596,productcatalogservice-0:0.23800484474161998,productcatalogservice-1:0.23359564759394394,paymentservice-2:0.22495126302168122,cartservice-1:0.22350660197425795,currencyservice-1:0.21745617412510523,emailservice-0:0.21297136639470945,adservice-1:0.2121711613424659,paymentservice-1:0.1976688609429016,recommendationservice-2:0.19330499939225754,node-5:0.16845428719686606,shippingservice-2:0.15319265283912875,node-4:0.1369053110692128,node-3:0.12491845847039847,node-6:0.11263615950514426,currencyservice-2:0.10919903876922216,node-1:0.10863782230069118,recommendationservice-1:0.09744846285641906,node-2:0.0916199222731952,recommendationservice-0:0.08350562712165767,currencyservice-0:0.06503920817111601
1651935446,service,adservice,Kubernetes Container Network Latency,frontend-2:0.5461425730703952,frontend-1:0.5331961309042821,frontend-0:0.516259155450269,frontend2-0:0.4394467262987985,productcatalogservice-2:0.39324983139976527,productcatalogservice-0:0.38555129519681336,recommendationservice2-0:0.3045034391296343,productcatalogservice2-0:0.30031677267130874,cartservice-1:0.2993309024249911,checkoutservice2-0:0.28928693150272017,emailservice2-0:0.2674504112368666,paymentservice2-0:0.25620775224032694,shippingservice2-0:0.23980573663371554,adservice-1:0.23721440867341734,currencyservice2-0:0.23071474250102295,recommendationservice-1:0.22878225397027238,adservice-2:0.22122107357977636,shippingservice-0:0.2202917418967905,productcatalogservice-1:0.20261544851267566,adservice-0:0.19342171056565885,cartservice-0:0.1917585222418234,recommendationservice-2:0.19125211749245963,cartservice2-0:0.18708290432320374,shippingservice-2:0.18536614307847032,checkoutservice-1:0.16123986908147528,checkoutservice-0:0.15700940289691206,recommendationservice-0:0.15695650024397215,checkoutservice-2:0.15564685149570817,cartservice-2:0.12680651180380728,emailservice-0:0.12308690543773958,shippingservice-1:0.10898002524205676,emailservice-1:0.0872977492275822,adservice2-0:0.07332823315322652,currencyservice-0:0.07290302608952752,currencyservice-1:0.06692338024695592,emailservice-2:0.06261700108143815,paymentservice-1:0.06169950410726305,paymentservice-2:0.06134916107451271,node-6:0.06043575946882957,currencyservice-2:0.05838792039364966,node-2:0.05293920357677282,node-5:0.04745687203806331,node-4:0.045133997716257736,paymentservice-0:0.035767745874754925,node-3:0.033752233491438424,node-1:0.03211222799001434
1652026980,pod,emailservice-0,Kubernetes Container Write I/O Load,productcatalogservice2-0:0.5197647478037247,adservice2-0:0.4811377415784239,emailservice-0:0.46325925147842,cartservice-0:0.4545075288909202,cartservice-2:0.4519595982915776,currencyservice2-0:0.45016886801499656,adservice-1:0.42318195195024416,adservice-2:0.40590104556282264,frontend2-0:0.3964263095558633,productcatalogservice-1:0.3924718345846948,cartservice2-0:0.38222783268849303,cartservice-1:0.37657094862531737,productcatalogservice-2:0.3631843045472895,currencyservice-1:0.3541160112596345,adservice-0:0.3446332943667677,productcatalogservice-0:0.3441963929885128,currencyservice-0:0.34175576749426184,recommendationservice2-0:0.3254645955492542,currencyservice-2:0.3171477155452233,frontend-2:0.3132478259521371,paymentservice-1:0.3124801294307308,checkoutservice2-0:0.30457930138589073,paymentservice-0:0.3030212523117359,checkoutservice-2:0.30267764626377025,recommendationservice-1:0.29918308799386334,recommendationservice-0:0.2922376291162645,paymentservice2-0:0.2887096056489899,paymentservice-2:0.27886724748013403,checkoutservice-0:0.26744088546906175,frontend-1:0.26316071076598824,emailservice2-0:0.2427674454046068,recommendationservice-2:0.2394928861505406,emailservice-2:0.2318295227652747,checkoutservice-1:0.2226141527413054,shippingservice2-0:0.17600318147846816,shippingservice-2:0.1736701919887909,shippingservice-0:0.15515850549838772,node-6:0.15371238246381105,frontend-0:0.14552234257104865,shippingservice-1:0.14012697191021797,emailservice-1:0.1328400087472027,node-5:0.11096078301255237,node-4:0.06309835694881685,node-3:0.05594166343772602,node-1:0.04791509853922105,node-2:0.046470617789699235
1652027890,pod,emailservice-1,Kubernetes Container Read I/O Load,emailservice-1:0.611121676821001,cartservice-1:0.44889905148836745,productcatalogservice2-0:0.44176684447648246,adservice2-0:0.4155581603876198,node-6:0.4151938721738204,currencyservice-0:0.40281540825316725,cartservice-0:0.37668619684563504,frontend-0:0.35932981070971987,frontend-2:0.3489541633659588,adservice-1:0.34737216394295783,checkoutservice2-0:0.337080683333352,currencyservice-1:0.3370379715609713,currencyservice-2:0.33533032760161846,checkoutservice-2:0.3333785171052943,currencyservice2-0:0.3333013381404823,productcatalogservice-1:0.3290307288579731,productcatalogservice-2:0.3232024361049402,cartservice-2:0.3206690634125681,cartservice2-0:0.31339684349562447,frontend2-0:0.3124085372449451,checkoutservice-0:0.2997441143724095,frontend-1:0.2963392896446113,adservice-0:0.2895592515171887,recommendationservice-2:0.28882886535415503,paymentservice-0:0.275454501328347,recommendationservice2-0:0.27204556202817853,adservice-2:0.2716631110236468,productcatalogservice-0:0.2687996285732759,recommendationservice-1:0.2566806843393965,emailservice2-0:0.25286012806975483,shippingservice-0:0.24634801639425066,paymentservice-1:0.24438710408349515,paymentservice2-0:0.23617907784758008,shippingservice-2:0.23612872960842765,shippingservice2-0:0.22637853702394542,paymentservice-2:0.22024519907770332,shippingservice-1:0.21489692766583,checkoutservice-1:0.20848093425846836,recommendationservice-0:0.19241669564499797,emailservice-2:0.16203020447253286,node-2:0.15542473207663401,node-1:0.108057734671541,emailservice-0:0.06739338911016386,node-5:0.06023438750629636,node-4:0.05104496684046261,node-3:0.0422348630700184
1652028651,service,checkoutservice,Kubernetes Container CPU Load,checkoutservice-0:0.6668110976764079,checkoutservice2-0:0.6556317687907011,checkoutservice-1:0.6526713816893789,checkoutservice-2:0.6282179840425101,cartservice-0:0.5184876826117663,adservice-2:0.5067822349924592,adservice-0:0.48751931345939575,recommendationservice-2:0.43769205515591453,emailservice2-0:0.41620631405745145,emailservice-2:0.4089171820896181,cartservice-1:0.4061945595726173,adservice2-0:0.4025339639509972,cartservice2-0:0.3836776238681992,frontend-2:0.36241783717297715,paymentservice2-0:0.3623275486429076,productcatalogservice-2:0.3403319465762708,adservice-1:0.33504332741708587,recommendationservice-0:0.3322083620723635,frontend-1:0.3242461781173838,frontend2-0:0.32285662877225146,paymentservice-1:0.3177758770684323,cartservice-2:0.3134425941924591,paymentservice-2:0.3093716660164696,currencyservice-0:0.2931135078028028,productcatalogservice-1:0.2900671162900305,paymentservice-0:0.2695860447956178,currencyservice-1:0.2663581656846962,recommendationservice-1:0.2457374549013683,currencyservice-2:0.24449248613229013,recommendationservice2-0:0.23827891226343567,frontend-0:0.18943226999167695,productcatalogservice2-0:0.18477190638623633,emailservice-1:0.16538225981748086,productcatalogservice-0:0.15959517197406142,emailservice-0:0.1427938212134232,shippingservice-1:0.12058472959663581,shippingservice-0:0.119864679589323,shippingservice-2:0.10645296060759561,currencyservice2-0:0.10316656491324176,shippingservice2-0:0.09848858841762131,node-3:0.03662367596256195,node-1:0.017818750909223236,node-5:0.014520823972681708,node-6:0.011849341428864407,node-4:0.011533588586554894,node-2:0.010945380725507943
1652029802,pod,frontend-2,Kubernetes Container Network Packet Loss,cartservice-0:0.34156670003963946,frontend2-0:0.3376518351915627,currencyservice-0:0.3361640773009498,cartservice-1:0.32591831108739894,adservice2-0:0.2983823866131987,adservice-0:0.2859783790323364,recommendationservice-2:0.2827508199780172,productcatalogservice-0:0.28142993774058817,adservice-1:0.2782030697558127,adservice-2:0.2744093134282652,currencyservice-2:0.2723554650639619,recommendationservice-1:0.27033297336907075,frontend-2:0.2664195127591425,emailservice-1:0.2645891758716645,frontend-0:0.2586043855384714,cartservice-2:0.2538075676438159,recommendationservice2-0:0.2527390205155802,emailservice-2:0.24693207412411108,cartservice2-0:0.24666042162183852,paymentservice-0:0.2451873463684845,currencyservice2-0:0.24063341774267286,recommendationservice-0:0.2397739041096043,frontend-1:0.23768068676688,paymentservice-2:0.22966706532210515,shippingservice-2:0.2264942542863009,checkoutservice2-0:0.2228397099030336,productcatalogservice-2:0.21446619581734483,checkoutservice-1:0.21322087943785042,shippingservice-0:0.20955358878255162,emailservice2-0:0.20705368518429798,checkoutservice-0:0.2039451657294126,emailservice-0:0.19912618984318842,paymentservice2-0:0.19906515686055112,checkoutservice-2:0.19119307725882287,currencyservice-1:0.18759124601269409,productcatalogservice-1:0.18680133649855926,paymentservice-1:0.17828599111527255,shippingservice-1:0.17211130038152322,productcatalogservice2-0:0.16649876822375473,shippingservice2-0:0.1583621406172178,node-2:0.05927420586689212,node-1:0.05481373182886883,node-3:0.04662378982812219,node-6:0.040382044462615375,node-5:0.025817789371118838,node-4:0.012032735404329102
1652031460,service,shippingservice,Kubernetes Container Read I/O Load,shippingservice-0:0.7198622225568617,shippingservice-2:0.6895037792736463,shippingservice2-0:0.6707988015104145,shippingservice-1:0.6305476574984432,currencyservice-0:0.456049412069496,currencyservice-1:0.3790897913546413,cartservice-2:0.37068237717242664,paymentservice-1:0.36699962672436515,adservice-0:0.3617944361607272,cartservice-1:0.35561640692528135,productcatalogservice-2:0.34262732754654973,currencyservice-2:0.3403527652447889,emailservice2-0:0.33911551927279215,currencyservice2-0:0.3338215025436268,frontend-0:0.3315343880303125,frontend-2:0.32086805984368977,cartservice-0:0.3165096770493828,frontend2-0:0.312179738855802,productcatalogservice2-0:0.3090459741457417,recommendationservice2-0:0.3052910675046813,productcatalogservice-1:0.3040611172150362,adservice-2:0.2920549457877483,cartservice2-0:0.29147525327434015,paymentservice-0:0.2811445579233491,recommendationservice-2:0.2766738394254007,adservice2-0:0.2714168825499622,emailservice-0:0.23965415879543037,paymentservice-2:0.23948012263064702,recommendationservice-1:0.23472307700153686,paymentservice2-0:0.21637641714152425,adservice-1:0.2150255157009545,emailservice-2:0.21236997430543422,checkoutservice2-0:0.20462893883426717,checkoutservice-2:0.19554581421608766,productcatalogservice-0:0.19417443203957496,recommendationservice-0:0.1901007294146678,frontend-1:0.18542091041189587,emailservice-1:0.15079669453784558,checkoutservice-1:0.15032891922939898,checkoutservice-0:0.1142698008231256,node-6:0.0010955206798359174,node-3:0.0007475931065726941,node-2:0.00028664037214892605,node-4:0.00027356799205207396,node-5:0.0002430634776485679,node-1:0.0001280272837542003
1652032391,pod,shippingservice-1,Kubernetes Container CPU Load,shippingservice-1:0.6914985526178277,currencyservice2-0:0.39849727318290795,productcatalogservice-0:0.3603763556886454,recommendationservice2-0:0.35120215992301757,productcatalogservice2-0:0.3490528001743325,paymentservice-2:0.33472253224778603,cartservice-2:0.3338861991949167,cartservice-0:0.33169343746434254,emailservice2-0:0.3199699914736817,frontend-0:0.3148712700516223,cartservice2-0:0.31481609364655744,currencyservice-2:0.31447338084529797,cartservice-1:0.29996694981246375,recommendationservice-1:0.29237731587002463,emailservice-0:0.29198172312681575,paymentservice-0:0.28394060398109566,emailservice-2:0.2788729779698689,adservice-1:0.2755483947998812,currencyservice-0:0.27426551790978954,adservice-0:0.2707680211834637,shippingservice-0:0.26501136734876296,productcatalogservice-1:0.25296132219839434,frontend-2:0.24510595626783485,emailservice-1:0.24344251988276186,recommendationservice-2:0.23343728802528974,recommendationservice-0:0.22762010319031703,adservice-2:0.2063767006013797,productcatalogservice-2:0.20086984209827408,currencyservice-1:0.2002182973923655,paymentservice-1:0.1997669460795397,checkoutservice-0:0.1959534509598169,shippingservice-2:0.18765291574107015,paymentservice2-0:0.18226301657146493,checkoutservice-1:0.17461782685135863,checkoutservice2-0:0.16117005846791502,checkoutservice-2:0.14974545820482504,frontend-1:0.13880826058971762,frontend2-0:0.12503714966152968,shippingservice2-0:0.11653487433023675,adservice2-0:0.0913675407176253,node-5:0.03598834663338053,node-2:0.032609746910954945,node-4:0.02729420159149383,node-3:0.023328849944750308,node-1:0.017115270051056487,node-6:0.01694732431905208
1652034858,service,frontend,Kubernetes Container Network Packet Loss,frontend-1:0.644530749417456,frontend-0:0.6273958319962174,frontend2-0:0.4824925187725564,frontend-2:0.48014849639865637,emailservice-0:0.41631280785173264,emailservice-2:0.40402136872505534,emailservice-1:0.3834117661426928,paymentservice-0:0.3749099363559035,productcatalogservice2-0:0.34517583486010067,paymentservice-1:0.34056648604133083,emailservice2-0:0.33561661776562124,paymentservice-2:0.32808826751026193,adservice-0:0.3216994298380506,currencyservice2-0:0.3028281018262645,productcatalogservice-2:0.292101804687464,cartservice2-0:0.2779877966442065,currencyservice-2:0.27287353311008244,currencyservice-0:0.2656462954218327,recommendationservice-2:0.2621204681251417,adservice2-0:0.26082431404369244,shippingservice-2:0.2599028378730506,recommendationservice-0:0.2569279935572952,productcatalogservice-0:0.24929596368447457,shippingservice-0:0.24640490447325827,currencyservice-1:0.2457930287154861,checkoutservice-2:0.24285744743220963,checkoutservice-1:0.24235916769391316,checkoutservice-0:0.23812763099693404,productcatalogservice-1:0.23328151034249225,checkoutservice2-0:0.2317924339023929,recommendationservice-1:0.22652531407701826,adservice-1:0.2236919874589337,recommendationservice2-0:0.21872701471364597,shippingservice-1:0.21691263631413849,cartservice-1:0.18448786229255534,cartservice-0:0.18040804938403146,paymentservice2-0:0.18026960920071003,shippingservice2-0:0.17529574610748666,adservice-2:0.1751296104110184,cartservice-2:0.14492442204235376,node-5:0.058319279410648156,node-6:0.053976379987595274,node-3:0.016247148494356,node-2:0.01292743557061885,node-4:0.009095817201989346,node-1:0.007350227709063808
1652035716,node,node-5,Node CPU Failure,node-5:0.6356015886499827,frontend-0:0.34603994137402044,shippingservice2-0:0.335715181664262,currencyservice2-0:0.2962150560386009,currencyservice-0:0.265584543995392,currencyservice-1:0.26060353588932844,checkoutservice2-0:0.26022543159068323,emailservice-2:0.2562835151080821,paymentservice-0:0.25526389691326384,productcatalogservice-0:0.24976210935110907,cartservice2-0:0.24850690598504696,frontend-2:0.2330737574049807,node-4:0.22959574935656377,node-6:0.2230023137325038,emailservice-1:0.21961975090427732,paymentservice-1:0.21302024808306755,shippingservice-2:0.211139637102544,currencyservice-2:0.2091491207714378,node-2:0.20855549996949918,checkoutservice-0:0.20572879600356841,cartservice-1:0.20423223103212404,shippingservice-0:0.20313835307279293,productcatalogservice-2:0.19941554663259986,node-3:0.1974208636040783,recommendationservice-0:0.19539377282199322,emailservice-0:0.19502944826400312,checkoutservice-1:0.19333783331893598,emailservice2-0:0.19086856298029184,recommendationservice-1:0.1885812490228719,adservice2-0:0.18312041699956952,paymentservice2-0:0.18085613081847485,productcatalogservice-1:0.17957027059649555,cartservice-0:0.17416138485551114,adservice-1:0.17370839838041907,recommendationservice2-0:0.17016032116278879,frontend2-0:0.17013169012896925,paymentservice-2:0.16963288417560063,adservice-2:0.16839050149875087,productcatalogservice2-0:0.1677720725970057,frontend-1:0.162395679833248,shippingservice-1:0.15169484670986624,checkoutservice-2:0.1489182455975989,node-1:0.14811423438605886,cartservice-2:0.12881876775810544,adservice-0:0.12308685534446966,recommendationservice-2:0.11893733480973097
1652044466,pod,shippingservice-1,Kubernetes Container CPU Load,shippingservice-1:0.6188088148259873,checkoutservice2-0:0.5384920793460303,frontend2-0:0.49277018524835675,currencyservice-1:0.47350321089242314,checkoutservice-2:0.44319586149970447,productcatalogservice-1:0.44266752049487085,currencyservice2-0:0.4305685246990203,productcatalogservice-2:0.4226253162154281,shippingservice2-0:0.4163212421579224,frontend-2:0.4087772116165751,checkoutservice-1:0.4067383479445437,frontend-0:0.3993719130504861,checkoutservice-0:0.3951879489496968,cartservice-1:0.3852099719802345,currencyservice-2:0.3820679173086314,paymentservice-0:0.3719913771073828,adservice2-0:0.3705585166133341,recommendationservice-0:0.3681105758694933,productcatalogservice-0:0.3680045691012543,recommendationservice-1:0.3646062349003974,adservice-2:0.3475028679335881,paymentservice2-0:0.347376271729559,currencyservice-0:0.34303725271576274,shippingservice-2:0.34004495425860154,cartservice-2:0.33183688574174536,adservice-0:0.3295937093541157,paymentservice-2:0.3271316483402275,emailservice-2:0.3156939088571123,cartservice-0:0.30975284044965673,paymentservice-1:0.3071076983810998,recommendationservice-2:0.29873557510565807,frontend-1:0.29651949883931633,adservice-1:0.26332087503928164,emailservice-0:0.2625945105716254,cartservice2-0:0.25229870358456347,recommendationservice2-0:0.24138515557659815,shippingservice-0:0.23496031233990525,emailservice-1:0.2318712832089375,emailservice2-0:0.21208726787607915,productcatalogservice2-0:0.1859600539291036,node-5:0.024130626995359183,node-2:0.020665264244541796,node-6:0.014840010781724644,node-4:0.011381264042464291,node-3:0.008920052999825312,node-1:0.007440649290557804
1652046023,service,emailservice,Kubernetes Container Write I/O Load,emailservice-0:0.6427058717533901,emailservice-1:0.6312794542531713,emailservice2-0:0.6202631845080876,emailservice-2:0.6135257360889732,checkoutservice-2:0.5527176512862669,adservice2-0:0.5287015817275353,recommendationservice-0:0.4913900369019825,paymentservice-0:0.462183431520089,frontend-1:0.4561862284976599,frontend2-0:0.4544275986778939,shippingservice2-0:0.44507578481329907,adservice-0:0.43751009355308207,currencyservice-2:0.4322256142308452,shippingservice-0:0.42873342317056046,checkoutservice-0:0.4250040387278892,shippingservice-2:0.4215825705537604,productcatalogservice-2:0.42105381439388107,productcatalogservice-0:0.4181226354986618,checkoutservice2-0:0.4151819343837299,checkoutservice-1:0.40036630261459355,cartservice-2:0.3993632301662682,recommendationservice-1:0.399242316680057,currencyservice-1:0.39294054908552706,frontend-0:0.39037788880434093,cartservice-1:0.3838736172649981,adservice-2:0.3819525425949197,productcatalogservice2-0:0.3810725801828196,currencyservice2-0:0.36565051318285363,cartservice2-0:0.3569598152613918,productcatalogservice-1:0.3553836747082763,adservice-1:0.3545820833574513,paymentservice2-0:0.34693632198691476,currencyservice-0:0.3434828907356952,frontend-2:0.32840055845693006,paymentservice-2:0.32271229336858154,recommendationservice-2:0.3021412923714915,paymentservice-1:0.2809767660125743,recommendationservice2-0:0.24563226736713364,cartservice-0:0.23918987492115196,shippingservice-1:0.09500562579432997,node-6:0.05012209988435782,node-1:0.026263621298495854,node-5:0.0193823928333875,node-3:0.019355032010221845,node-2:0.018450504729963225,node-4:0.009253407383223443
1652047629,service,recommendationservice,Kubernetes Container Memory Load,recommendationservice-1:0.6551846730862554,recommendationservice2-0:0.5925767128046249,recommendationservice-0:0.5857702891363186,recommendationservice-2:0.5608610260349967,checkoutservice-2:0.4884487322968633,frontend-1:0.4653182992533215,adservice2-0:0.4577476235425207,checkoutservice2-0:0.45389951905771686,checkoutservice-1:0.4341588279583999,productcatalogservice2-0:0.4225336876989267,adservice-1:0.41899597427742924,currencyservice-2:0.4187810326293466,adservice-2:0.3917411917408711,adservice-0:0.3880889103560851,cartservice-2:0.3842815420124892,frontend-2:0.374250171559753,shippingservice-1:0.3614066476438487,frontend2-0:0.3579789199439165,shippingservice-0:0.3477954884588869,currencyservice-1:0.32103636025277643,paymentservice-0:0.31840112692371797,cartservice-1:0.3125743275559267,cartservice-0:0.31110334110583254,shippingservice-2:0.3068271058789883,cartservice2-0:0.3040032285095959,shippingservice2-0:0.30382472041157055,paymentservice-2:0.3018091297045349,currencyservice2-0:0.29896976817085935,frontend-0:0.29562559351545725,productcatalogservice-1:0.2930485252663395,productcatalogservice-2:0.29136020969543014,currencyservice-0:0.2891963080039268,checkoutservice-0:0.2561865625748027,emailservice2-0:0.2324472474338238,paymentservice-1:0.2248503966661466,productcatalogservice-0:0.22372475218276497,paymentservice2-0:0.1576736671693793,emailservice-2:0.13690023073622617,emailservice-0:0.1335066231064004,emailservice-1:0.1226621565766512,node-3:0.10895682649119358,node-5:0.10186323245221318,node-4:0.10064750372661939,node-2:0.0817093885415305,node-1:0.06795942674743934,node-6:0.03788367099364976
1652049367,service,productcatalogservice,Kubernetes Container Network Packet Loss,currencyservice-0:0.5585296329973605,shippingservice-2:0.5473162912771722,checkoutservice-0:0.5381707684468102,checkoutservice-1:0.5381353670756082,checkoutservice2-0:0.5376378554516824,paymentservice-2:0.5361452295486105,shippingservice-1:0.5328513921486618,productcatalogservice-0:0.5286403332230325,paymentservice-0:0.5283908029078589,productcatalogservice-1:0.515046136954837,emailservice-0:0.5149958935988929,checkoutservice-2:0.5133711867018813,emailservice-2:0.49719626390031263,currencyservice-2:0.49250156878749946,paymentservice2-0:0.4883359335462463,cartservice-0:0.4864885039568522,shippingservice-0:0.4838617592404098,adservice-2:0.47055231054089125,productcatalogservice-2:0.4676043513282205,emailservice-1:0.4588932947129505,currencyservice-1:0.4573706618604964,shippingservice2-0:0.45501189337043163,paymentservice-1:0.44570062074371025,cartservice-2:0.4375114967993165,emailservice2-0:0.4255472690230604,cartservice-1:0.4237484550736828,cartservice2-0:0.3769986056366626,productcatalogservice2-0:0.36364750426462283,frontend-2:0.3579626140846017,recommendationservice-2:0.3387713028526438,frontend-1:0.3317654918587483,recommendationservice2-0:0.3311905974804166,frontend-0:0.3304568578884757,recommendationservice-1:0.32986291126450473,frontend2-0:0.32773760946974123,adservice2-0:0.3135774084978622,recommendationservice-0:0.2726539810443213,adservice-1:0.2685197380531274,currencyservice2-0:0.23349772003397465,adservice-0:0.23306075511792934,node-6:0.03115261775068602,node-5:0.02511031848596164,node-1:0.008202366826742228,node-4:0.0028326247513480365,node-3:0.002810503572424966,node-2:0.002735423697052611
1652051200,pod,recommendationservice-2,Kubernetes Container Memory Load,recommendationservice-2:0.4158194104636362,checkoutservice-0:0.347894394308023,checkoutservice-1:0.34034958298891943,productcatalogservice-1:0.3057138933329152,adservice-1:0.3054553156807148,frontend2-0:0.3052449423616455,adservice2-0:0.29145341245656536,cartservice-2:0.2794151313849886,cartservice-1:0.2772229830471138,currencyservice-0:0.27463815742911485,currencyservice-2:0.27222572146817414,shippingservice2-0:0.2672633397532265,recommendationservice-0:0.2607398379230748,shippingservice-1:0.26064785344078356,checkoutservice2-0:0.256444403417675,frontend-2:0.2555295394493363,adservice-0:0.25469334057746806,checkoutservice-2:0.25456071876231384,cartservice2-0:0.25147937777226814,productcatalogservice2-0:0.25134360704139536,paymentservice-2:0.25071813678188903,cartservice-0:0.2222391510546724,node-1:0.21945573043410016,paymentservice-0:0.21673113614011533,adservice-2:0.21598021500285883,frontend-0:0.21501856679388642,emailservice2-0:0.21307958607170488,productcatalogservice-2:0.200854788072008,shippingservice-0:0.1929412439307763,recommendationservice-1:0.18530449953947825,shippingservice-2:0.18245490894524186,currencyservice-1:0.1795993965149921,paymentservice-1:0.17209719059639153,frontend-1:0.1718800608292201,node-6:0.1648842731170071,node-2:0.15733968685625468,productcatalogservice-0:0.1541489231167343,emailservice-1:0.15327466709710216,currencyservice2-0:0.150900355062678,paymentservice2-0:0.1462182155462717,node-4:0.1403907946609514,node-5:0.14003970187345716,emailservice-0:0.13323659877731134,recommendationservice2-0:0.12232392038294304,node-3:0.08801409365322431,emailservice-2:0.07959027702452436
1652052222,service,emailservice,Kubernetes Container Memory Load,adservice-1:0.5297595202019818,emailservice-0:0.5141156532875056,currencyservice-0:0.5037572377708713,currencyservice2-0:0.5013708725510403,emailservice2-0:0.48631865648106,cartservice-2:0.4331784943869587,adservice2-0:0.4251589801076428,emailservice-1:0.4245917408369079,cartservice2-0:0.4211472862211141,checkoutservice-2:0.41440355957287894,paymentservice-2:0.40874067830271543,shippingservice2-0:0.4054320210260536,emailservice-2:0.39923095640383477,productcatalogservice2-0:0.39578481379149405,adservice-2:0.3928343581469265,frontend-1:0.3860995477249986,cartservice-1:0.38243610422001423,cartservice-0:0.35115118809734275,adservice-0:0.34143795874838495,frontend2-0:0.3390960676822717,checkoutservice-0:0.33681129524467796,paymentservice-1:0.3270824765313171,paymentservice-0:0.3203616305294844,productcatalogservice-1:0.31850296194819117,currencyservice-2:0.3077932405545015,checkoutservice2-0:0.30121012849940604,currencyservice-1:0.29540008558998987,frontend-0:0.27281807862762303,shippingservice-1:0.26979677130019863,shippingservice-2:0.2690557535516937,shippingservice-0:0.2595394691280098,checkoutservice-1:0.25374726586506485,productcatalogservice-2:0.2517831271093384,paymentservice2-0:0.23964007797202977,frontend-2:0.22968766468066007,recommendationservice-0:0.22743140632801853,productcatalogservice-0:0.20526722411228435,recommendationservice-1:0.19722873798258725,recommendationservice-2:0.1794275274857355,recommendationservice2-0:0.1752158446741249,node-6:0.011467648696187613,node-2:0.0022814973030440863,node-5:0.002150133620196753,node-4:0.0018036267475947177,node-3:0.0016437154006841393,node-1:0.0016387009060277768
1652053117,node,node-3,Node Disk Space Consumption,node-3:0.5474370513969419,productcatalogservice-0:0.3869139735991085,adservice-2:0.36805669955451065,currencyservice-0:0.35731226178245495,productcatalogservice-1:0.34987117077461566,checkoutservice-2:0.3473943569202176,adservice2-0:0.3455925722419102,frontend-2:0.3448679267187171,cartservice2-0:0.33877371076981716,productcatalogservice-2:0.3270425121887875,currencyservice-1:0.3203369117120744,paymentservice2-0:0.31993380730795545,paymentservice-1:0.3156081005625407,recommendationservice2-0:0.3147023940710539,node-2:0.31374616960938834,shippingservice-2:0.3112878843072236,node-6:0.3072008984859675,cartservice-2:0.2993374147063472,frontend-1:0.295250020740143,recommendationservice-0:0.2902888368033277,paymentservice-2:0.283448143172295,currencyservice2-0:0.282321998548183,adservice-0:0.281112313816773,checkoutservice-0:0.28070164286282295,frontend-0:0.27641802319218195,recommendationservice-1:0.275050318266404,currencyservice-2:0.27438468770995855,cartservice-1:0.27289712677043537,cartservice-0:0.2614127440027422,node-1:0.26081446506385497,paymentservice-0:0.25558571902171834,adservice-1:0.23239706864547535,checkoutservice2-0:0.23198961006675875,frontend2-0:0.23172456779460726,node-4:0.23086981840901447,emailservice2-0:0.2260090264717037,emailservice-1:0.22400227584970378,node-5:0.21589322113618212,productcatalogservice2-0:0.2053042065199063,shippingservice-0:0.1963727423124169,recommendationservice-2:0.19546098539121837,emailservice-0:0.19498187887787863,shippingservice2-0:0.18451942726510276,shippingservice-1:0.17813064486817,checkoutservice-1:0.16850218710866646,emailservice-2:0.15766935375910113
1652055279,pod,shippingservice-0,Kubernetes Container Network Resource Packet Duplication,checkoutservice-0:0.5978644682284372,productcatalogservice2-0:0.5683417760045298,checkoutservice-2:0.463961469117039,currencyservice-0:0.4212938468310017,checkoutservice-1:0.40814311448584434,checkoutservice2-0:0.4029871967004563,recommendationservice2-0:0.397159377944573,currencyservice2-0:0.3753614703411152,shippingservice-0:0.37293680781896826,paymentservice-0:0.3157588634975064,cartservice-1:0.3004208996468005,currencyservice-1:0.2999790474647959,cartservice-0:0.2886895072109023,shippingservice2-0:0.28690024195805236,frontend2-0:0.28524080439848387,cartservice2-0:0.2786880911735966,productcatalogservice-2:0.2754096566239362,currencyservice-2:0.27206293421354966,shippingservice-2:0.2661948667645255,recommendationservice-0:0.2531367029979938,adservice2-0:0.2468566748146945,recommendationservice-1:0.24079956601346705,adservice-2:0.2277666326945449,frontend-1:0.21949837478058398,productcatalogservice-1:0.2188826434528416,emailservice2-0:0.21845388142296548,cartservice-2:0.2168052092346799,recommendationservice-2:0.21529579717566463,emailservice-1:0.21472564256252324,shippingservice-1:0.2108854121358649,paymentservice-2:0.20737992756815204,adservice-0:0.20537895312261176,adservice-1:0.20310885859988703,emailservice-2:0.1986582724050232,emailservice-0:0.19838084957306526,paymentservice-1:0.1975724746199378,frontend-0:0.17529983966407373,productcatalogservice-0:0.16107228511379593,paymentservice2-0:0.1523030032680339,frontend-2:0.13026055599512804,node-3:0.09934990358623395,node-5:0.09169451433718968,node-1:0.08559251916784105,node-2:0.08186606757457023,node-4:0.08051541989852018,node-6:0.06717446336494436
1652056357,node,node-3,Node CPU Failure,node-3:0.3423077889194295,productcatalogservice2-0:0.31949417725870405,frontend-1:0.28970878485364343,checkoutservice-0:0.2853637244935788,frontend-0:0.28510649246180236,frontend2-0:0.2764703338594743,paymentservice-1:0.25794891232451495,recommendationservice2-0:0.23619891195078904,productcatalogservice-2:0.22037638479394184,checkoutservice-2:0.2110104278428749,recommendationservice-0:0.21096524751778364,cartservice-2:0.21010239310071524,productcatalogservice-1:0.20695245772854967,cartservice-1:0.19761131266724977,paymentservice2-0:0.19592043945443713,currencyservice2-0:0.17631838048294046,shippingservice-2:0.17402206147223545,checkoutservice-1:0.16976167189426883,checkoutservice2-0:0.1639318177917132,node-4:0.16325928104680684,adservice-2:0.15711722349458349,node-2:0.15549550917765775,currencyservice-0:0.15084629632329138,currencyservice-2:0.14784146420398567,currencyservice-1:0.1369177539240338,adservice-0:0.13150715544486904,node-1:0.12493294212827315,recommendationservice-2:0.12186012611666357,shippingservice-0:0.12069577806496327,paymentservice-2:0.11760164285908932,cartservice-0:0.11625920825919639,adservice2-0:0.11105095931372089,cartservice2-0:0.1102046450199594,shippingservice-1:0.10518479734522486,productcatalogservice-0:0.1003968652710196,recommendationservice-1:0.09965846256430727,adservice-1:0.0976541573170005,frontend-2:0.0966394670122898,paymentservice-0:0.09497540783912962,node-5:0.09480168969498919,shippingservice2-0:0.09053234170423528,emailservice-1:0.09042730856785708,node-6:0.09033309860515433,emailservice2-0:0.08890708729310585,emailservice-0:0.08298570012508259,emailservice-2:0.07968532876763645
1652058023,node,node-1,Node Disk Space Consumption,node-1:0.5220442212095998,node-2:0.4766794489377075,node-5:0.4305600765886805,node-4:0.40293427211295957,node-3:0.3949395407825431,node-6:0.3049438796950245,emailservice-0:0.1668442594764704,frontend-2:0.12872083133781528,adservice-0:0.12737741617368956,emailservice-1:0.11676535849935597,adservice2-0:0.10225084705872645,cartservice2-0:0.09477991303647514,checkoutservice-2:0.0869949606274243,paymentservice-1:0.08605146732790984,emailservice-2:0.08431847010988776,frontend-1:0.08311474735845487,checkoutservice-1:0.08090255462743949,paymentservice-0:0.07656063296556241,productcatalogservice2-0:0.07652366234186009,paymentservice-2:0.07258815169928921,frontend-0:0.07070379071672554,checkoutservice-0:0.0644468641209743,emailservice2-0:0.06408851484373457,shippingservice-2:0.06344232229289722,shippingservice-1:0.06152655851580404,paymentservice2-0:0.053253072700189676,adservice-1:0.052334799742301215,shippingservice2-0:0.05219145656460463,productcatalogservice-0:0.04588491403785503,adservice-2:0.04270180651404085,recommendationservice-0:0.04224502837856527,shippingservice-0:0.036884077693455496,productcatalogservice-1:0.03682226491145547,productcatalogservice-2:0.03606633962242939,recommendationservice-1:0.035952604939563794,frontend2-0:0.03526927812339444,checkoutservice2-0:0.03296789812695394,recommendationservice-2:0.032622460527606915,currencyservice-0:0.031091807162014245,currencyservice-1:0.029358688722836184,currencyservice-2:0.027829442301437617,cartservice-2:0.027277458230408436,cartservice-0:0.02687035337614621,recommendationservice2-0:0.026784090344660245,cartservice-1:0.026740816581314057,currencyservice2-0:0.021976554960518008
1652060333,pod,recommendationservice2-0,Kubernetes Container Write I/O Load,recommendationservice2-0:0.5722757117350544,frontend2-0:0.41214846075046135,adservice2-0:0.38136415549295516,productcatalogservice2-0:0.3807371277427378,checkoutservice-2:0.3695765688806533,adservice-0:0.35997547401431357,frontend-1:0.3546417628873693,checkoutservice2-0:0.3494533421522887,cartservice2-0:0.34255350646666183,adservice-1:0.34104504966047405,recommendationservice-2:0.33736715610022533,frontend-0:0.3192822260509887,checkoutservice-0:0.31543498710311185,emailservice2-0:0.31305320282814897,cartservice-0:0.31184311638579826,paymentservice-0:0.2938931722585621,emailservice-0:0.29377768267107246,checkoutservice-1:0.2928473513684494,frontend-2:0.2905485406646242,emailservice-2:0.2835015115723875,shippingservice2-0:0.27482611900462023,paymentservice-2:0.27435937053560494,shippingservice-0:0.27305146543897124,paymentservice2-0:0.2727835789421023,emailservice-1:0.26822164242572116,shippingservice-1:0.26211923819005106,shippingservice-2:0.26027189100792875,cartservice-2:0.258672302994716,adservice-2:0.2522150770794975,recommendationservice-1:0.24942408328026833,cartservice-1:0.24207369286222932,currencyservice-1:0.23582241007801572,currencyservice-0:0.2331491533754584,productcatalogservice-2:0.21828136203163118,currencyservice2-0:0.20359498911528415,recommendationservice-0:0.1983292604362015,currencyservice-2:0.19395421059898335,productcatalogservice-0:0.17182984578251947,paymentservice-1:0.1670020403217821,productcatalogservice-1:0.15593392881789617,node-5:0.139316900867483,node-3:0.07994573194734102,node-6:0.05721930654831977,node-2:0.046032404781301266,node-1:0.04142198760608081,node-4:0.022289564350254403
1652061480,service,currencyservice,Kubernetes Container CPU Load,currencyservice2-0:0.5265747586506618,currencyservice-1:0.5010971060978443,currencyservice-2:0.49229184255107195,currencyservice-0:0.470106455002666,cartservice2-0:0.4400731516469845,productcatalogservice2-0:0.4390109741723057,adservice-0:0.4373858514522345,checkoutservice-0:0.4239006037799121,checkoutservice2-0:0.39892241995783245,adservice2-0:0.3914570934155509,frontend2-0:0.3825109204650533,cartservice-2:0.38091065464647356,cartservice-0:0.37655848623480337,frontend-0:0.3655827682283769,cartservice-1:0.35532755435427565,shippingservice2-0:0.3498372477760058,checkoutservice-1:0.3430131015095288,adservice-1:0.3388140689746978,shippingservice-2:0.33489600835345723,emailservice2-0:0.33059102106167526,checkoutservice-2:0.3300250567052837,shippingservice-0:0.328275812512486,emailservice-1:0.3039176436046094,recommendationservice-0:0.29798069585357995,frontend-2:0.2906268495446216,shippingservice-1:0.2902827566980689,emailservice-2:0.274550631183463,frontend-1:0.26836504794130966,recommendationservice-2:0.2640206595319494,productcatalogservice-1:0.25750920218409784,emailservice-0:0.2537212266120735,paymentservice-0:0.23404419174933042,productcatalogservice-2:0.23031033624338937,adservice-2:0.2242827471277613,recommendationservice-1:0.21975767901118623,paymentservice-2:0.20376687037435376,productcatalogservice-0:0.19627495798838707,recommendationservice2-0:0.1512929884247694,paymentservice2-0:0.14784123272257982,paymentservice-1:0.14767682657223288,node-5:0.013412050771767006,node-6:0.007804454867504061,node-2:0.005792035940967067,node-3:0.005613280061874187,node-4:0.005447407703545271,node-1:0.004948131808113166
1652063842,service,recommendationservice,Kubernetes Container Write I/O Load,recommendationservice-2:0.8051036822943836,recommendationservice-0:0.7970480594551071,recommendationservice-1:0.7867997210780984,recommendationservice2-0:0.6912772993976822,currencyservice-1:0.45448945284188297,productcatalogservice-0:0.43865358310799524,currencyservice2-0:0.4271844969648448,checkoutservice2-0:0.42333568301594954,productcatalogservice-2:0.42206955076925995,shippingservice-0:0.4163141144371374,shippingservice2-0:0.40993757053444063,cartservice-2:0.3958227584917573,checkoutservice-0:0.394409503967777,frontend2-0:0.3831208957225056,currencyservice-2:0.38055900111854,adservice2-0:0.357703894376145,frontend-0:0.3510514865927295,emailservice-0:0.3489083386321112,checkoutservice-1:0.34737161818425993,frontend-2:0.3461053389239664,adservice-1:0.33861070153942,paymentservice-2:0.32666242907806137,productcatalogservice-1:0.32549465091417956,cartservice2-0:0.3236035229632795,currencyservice-0:0.3190298793977813,emailservice-2:0.31843980737119343,checkoutservice-2:0.31632911606381237,adservice-0:0.31036138404884517,paymentservice-0:0.3031863232393291,productcatalogservice2-0:0.2950787544962941,adservice-2:0.28801488441152195,cartservice-0:0.277936351819384,shippingservice-2:0.27171762609089584,emailservice2-0:0.2602765155653927,cartservice-1:0.24942876253820392,emailservice-1:0.22616547252856964,shippingservice-1:0.21496867621651494,paymentservice2-0:0.2143175884375483,frontend-1:0.20399598989378953,paymentservice-1:0.1836530297591423,node-6:0.12236060179876186,node-2:0.05847230913134125,node-5:0.040160002205983016,node-4:0.034625409103653616,node-1:0.027277319254793275,node-3:0.026874932313406763
1652064977,node,node-4,Node Memory Consumption,node-4:0.706742073167578,node-5:0.3234538128514774,node-1:0.2590751206634107,checkoutservice-0:0.21788281653108688,node-2:0.21591181580596172,checkoutservice-2:0.19760409693234438,productcatalogservice2-0:0.19355815083577146,cartservice-0:0.18846619129449318,cartservice2-0:0.188059673338118,node-3:0.17448896947004414,checkoutservice2-0:0.15427370940243432,checkoutservice-1:0.14818857686998727,productcatalogservice-0:0.14774853547700126,frontend-1:0.14768406747906368,recommendationservice-2:0.13867853213097833,frontend2-0:0.12995771754194588,node-6:0.12215638223093966,productcatalogservice-1:0.12079726520079055,recommendationservice-0:0.11432035258046054,adservice-0:0.10909791626109398,currencyservice-0:0.10603401695495324,recommendationservice-1:0.10095748652533544,adservice-1:0.09837073510853933,paymentservice-1:0.09411964533812665,adservice2-0:0.09372322804312146,recommendationservice2-0:0.08170771176527447,currencyservice2-0:0.08040862746680187,shippingservice-0:0.077153666169387,currencyservice-1:0.07311964315291884,productcatalogservice-2:0.06922892579984281,adservice-2:0.06688981119041261,frontend-0:0.06570241002679605,emailservice2-0:0.06382006191490079,shippingservice2-0:0.06262386774458807,emailservice-1:0.06070548495473826,emailservice-0:0.060068403745746235,cartservice-2:0.05523032183220653,currencyservice-2:0.05414710367874636,cartservice-1:0.05386127457767334,paymentservice-0:0.051935530332180256,shippingservice-1:0.05162793493084211,paymentservice-2:0.04574341657318668,frontend-2:0.04085227525531227,paymentservice2-0:0.04065585781553565,emailservice-2:0.03492991691210854,shippingservice-2:0.03149513889470019
1652066468,service,paymentservice,Kubernetes Container Memory Load,paymentservice2-0:0.7577565569577079,paymentservice-1:0.7531415639149838,paymentservice-0:0.7460426784880374,paymentservice-2:0.6992492560915942,adservice-1:0.4850460144195399,adservice-2:0.47038151423195124,cartservice-2:0.4390638812498384,adservice2-0:0.43329187954429044,frontend2-0:0.41729764677012904,cartservice-1:0.4090133428536002,adservice-0:0.3971838200856935,frontend-1:0.38561938516410926,cartservice2-0:0.3684519001246908,productcatalogservice-1:0.3620742917986728,recommendationservice-2:0.3593679770468623,productcatalogservice-2:0.3325271284258569,cartservice-0:0.3275459031483364,shippingservice-0:0.31997089047801336,shippingservice-2:0.3017488496400594,checkoutservice-2:0.2896766300429776,shippingservice-1:0.28711805175330574,frontend-0:0.28687125200523367,frontend-2:0.2862021631862341,productcatalogservice2-0:0.2819973399189467,recommendationservice2-0:0.26432075749603207,emailservice-0:0.2579297325002396,recommendationservice-0:0.2568179225758443,shippingservice2-0:0.23843301088026336,checkoutservice2-0:0.23260151875517202,recommendationservice-1:0.2302757175555299,productcatalogservice-0:0.22010954356182247,currencyservice-1:0.21776394751132547,emailservice-1:0.21327132968720472,checkoutservice-0:0.2131927933528787,currencyservice2-0:0.1931052482495079,checkoutservice-1:0.18905781367662522,emailservice2-0:0.18733557169933954,emailservice-2:0.18557238051870473,currencyservice-0:0.1769517498078682,currencyservice-2:0.1074287794248725,node-5:0.011845546696577667,node-6:0.0004101769851906797,node-3:0.00019629467503660643,node-4:0.00012984991499379554,node-1:0.00012554252468779218,node-2:8.839915029570354e-05
1652069584,pod,adservice-1,Kubernetes Container Read I/O Load,paymentservice2-0:0.5366030603990846,paymentservice-2:0.5034387136286077,paymentservice-1:0.4971256890097247,frontend-1:0.4943852474868189,adservice-2:0.49224144747898135,recommendationservice-0:0.4919344908267136,recommendationservice-2:0.4918477680578386,paymentservice-0:0.4793307955467436,frontend-2:0.4728835587416698,shippingservice2-0:0.470438773219014,cartservice-2:0.4674065127769402,recommendationservice2-0:0.46429064321087116,checkoutservice2-0:0.46076958491344566,shippingservice-2:0.4447350653960844,adservice-0:0.43421078376878786,emailservice-0:0.4340070160223158,currencyservice-1:0.4267729840330062,frontend-0:0.42445470859490325,checkoutservice-2:0.42244230536664706,adservice-1:0.4166027506520799,recommendationservice-1:0.41452000240091147,checkoutservice-0:0.4104217432738966,productcatalogservice-2:0.39378435586867416,shippingservice-0:0.3896752325543365,currencyservice2-0:0.38529718510602723,emailservice-2:0.38393859728920127,productcatalogservice2-0:0.37974880664270305,checkoutservice-1:0.3729652259150554,emailservice2-0:0.3523852967445184,productcatalogservice-1:0.341931709379315,frontend2-0:0.34179642788573217,emailservice-1:0.34128405309713106,currencyservice-0:0.337665330140847,shippingservice-1:0.33629840562977725,cartservice-0:0.33204880352912786,currencyservice-2:0.32917326500968763,adservice2-0:0.3185199283558419,productcatalogservice-0:0.31284028057741625,cartservice-1:0.29876168186606505,cartservice2-0:0.24581095112347703,node-2:0.22032281190449154,node-3:0.19249618455503123,node-4:0.17452524367180497,node-6:0.14732087608355515,node-5:0.1047213954690455,node-1:0.07961270133290498
1652072251,service,adservice,Kubernetes Container Process Termination,adservice-1:0.697688854315533,adservice-2:0.6734995320139344,adservice2-0:0.6345905719743413,adservice-0:0.5555837659206554,cartservice-0:0.3768108716374769,checkoutservice-1:0.36294501957833597,cartservice2-0:0.33808399083119295,emailservice-2:0.33805948990741963,paymentservice-1:0.3339460258962008,paymentservice-0:0.333247293024532,cartservice-2:0.32861183501642016,currencyservice2-0:0.3204866515969778,shippingservice2-0:0.2927983797408964,paymentservice-2:0.2830303644390846,frontend-1:0.27717443896360483,currencyservice-2:0.25966051697064435,checkoutservice2-0:0.2550868895886228,paymentservice2-0:0.24965794022831503,productcatalogservice2-0:0.2451609370824012,recommendationservice-1:0.2412030466904047,productcatalogservice-1:0.23623941478703514,shippingservice-2:0.23262771658681866,emailservice2-0:0.22995189749703107,emailservice-1:0.22104440966107278,checkoutservice-0:0.2008685027183348,shippingservice-1:0.19696570773694044,frontend2-0:0.19147768528314266,frontend-2:0.19063633657356174,emailservice-0:0.18730326749184692,checkoutservice-2:0.18339677943853216,productcatalogservice-2:0.17786029147378832,shippingservice-0:0.16995725285258498,recommendationservice-2:0.16359939385577435,frontend-0:0.156685565258075,productcatalogservice-0:0.1419219988330227,recommendationservice-0:0.13691361186343734,currencyservice-0:0.09991451869486838,cartservice-1:0.09716630976039009,recommendationservice2-0:0.08324104560619561,currencyservice-1:0.04021528055811654,node-6:0.024593601371915432,node-2:0.01807048873763999,node-1:0.0117722996795121,node-5:0.009164755386857121,node-3:0.007375320987035524,node-4:0.005789767520087821
1652075078,pod,checkoutservice2-0,Kubernetes Container Network Packet Loss,checkoutservice2-0:0.4850908106567113,frontend-2:0.47897787054964086,emailservice2-0:0.4568394201201312,paymentservice2-0:0.4455004977769254,frontend2-0:0.4081496796893513,paymentservice-1:0.3492100119602557,paymentservice-0:0.34600716488460304,adservice-1:0.3335368148722715,adservice-0:0.3093020194638224,adservice2-0:0.3049965996134059,adservice-2:0.29385009550263863,productcatalogservice-2:0.2856937281282203,productcatalogservice-1:0.2832715744430412,frontend-1:0.28185886539101235,productcatalogservice2-0:0.26983036166682267,currencyservice-0:0.26880821770811203,cartservice-2:0.26664066541589787,recommendationservice-2:0.25325914768505825,frontend-0:0.25279310807807404,currencyservice2-0:0.24474601024263928,cartservice2-0:0.2393681254975063,shippingservice2-0:0.22733205551802615,productcatalogservice-0:0.2218001514975332,cartservice-0:0.21418856226764305,checkoutservice-2:0.2061767583277586,currencyservice-1:0.20266165251906498,cartservice-1:0.19730087484410377,shippingservice-0:0.1938809608336651,paymentservice-2:0.19320900967356414,emailservice-1:0.18009507695677138,emailservice-0:0.17709016972159383,shippingservice-1:0.17541471524576416,emailservice-2:0.17269340967014635,recommendationservice2-0:0.1644993716318884,recommendationservice-1:0.1621475792622133,shippingservice-2:0.1609575074804902,recommendationservice-0:0.15486450063285823,checkoutservice-0:0.14915867205971176,node-6:0.14610311937219483,currencyservice-2:0.12662824917242768,checkoutservice-1:0.1198888015296246,node-4:0.106474701595767,node-5:0.07296868441142236,node-3:0.06852830373607445,node-2:0.029585045508824914,node-1:0.02367347373624991
1652077083,service,cartservice,Kubernetes Container Network Resource Packet Corruption,frontend-1:0.4516006971433683,frontend-2:0.43772713189146306,checkoutservice-1:0.3868319943423888,frontend-0:0.36722611814358125,frontend2-0:0.358425107185596,checkoutservice-0:0.33833873788139396,checkoutservice-2:0.3331029986304643,checkoutservice2-0:0.3144547515629879,currencyservice2-0:0.230507667429574,cartservice-0:0.21727383708311446,paymentservice-1:0.2081765071865859,paymentservice2-0:0.19473269710096522,cartservice-2:0.18479060529926802,paymentservice-0:0.17414547424502366,currencyservice-0:0.1721412728769923,emailservice2-0:0.1706374278357041,shippingservice-2:0.16288184862000582,cartservice2-0:0.15177444591305353,currencyservice-2:0.15046613267682546,currencyservice-1:0.14597380808339777,productcatalogservice2-0:0.14431204757542423,shippingservice-0:0.1419269566251233,emailservice-1:0.12513238563758752,cartservice-1:0.12101994623969063,shippingservice2-0:0.11503582982122146,emailservice-0:0.11150847471830767,recommendationservice2-0:0.11058769184628452,productcatalogservice-1:0.10891599783243601,productcatalogservice-2:0.10758398584303826,recommendationservice-0:0.09948833530224821,recommendationservice-1:0.09947863552544038,productcatalogservice-0:0.09807750097655121,adservice2-0:0.09797117472203178,adservice-0:0.09782699499649934,shippingservice-1:0.09746469972603834,adservice-1:0.0956164002955218,recommendationservice-2:0.09460000287172803,paymentservice-2:0.09390849849182208,adservice-2:0.09297179788613325,emailservice-2:0.09024356087604861,node-6:0.0762358499299171,node-5:0.054939004841949246,node-1:0.048089940522428716,node-2:0.02974206251540285,node-3:0.02695361405156754,node-4:0.023497297922750307
1652078717,service,productcatalogservice,Kubernetes Container Network Resource Packet Corruption,productcatalogservice-1:0.578443204993977,shippingservice-2:0.573030013233236,productcatalogservice-2:0.5554019653623986,emailservice-2:0.5495244786503628,productcatalogservice-0:0.5427502607741166,emailservice-1:0.5425150204564908,emailservice-0:0.5290334513320137,productcatalogservice2-0:0.5172392504171134,checkoutservice-1:0.5142121250850108,frontend-0:0.5060413215512652,shippingservice-1:0.49674026594457454,shippingservice-0:0.49632856751481746,checkoutservice-2:0.491761680263136,emailservice2-0:0.47859508477361357,checkoutservice-0:0.47371314390660274,frontend2-0:0.46598024877446614,shippingservice2-0:0.4634387127944495,frontend-1:0.45280088860480655,paymentservice2-0:0.4473985575115109,recommendationservice2-0:0.4464521333867944,frontend-2:0.4442572400977711,paymentservice-1:0.4381806378272218,recommendationservice-1:0.4329542821618648,adservice-2:0.4151409938695593,recommendationservice-2:0.3864040036140251,paymentservice-2:0.3812090566777577,paymentservice-0:0.37404643886834305,adservice-1:0.36478331630612043,checkoutservice2-0:0.355157709495578,cartservice-0:0.34116008016172095,adservice2-0:0.3346039116135329,adservice-0:0.32381220303632213,cartservice2-0:0.31943335654336574,cartservice-2:0.3183245611589382,recommendationservice-0:0.30926847322582834,currencyservice-0:0.28892556737230185,cartservice-1:0.28810646216994723,currencyservice-2:0.27546089308372673,currencyservice2-0:0.2740998010381044,currencyservice-1:0.26157823298262545,node-5:0.007814947673829413,node-6:0.0069874048985804965,node-3:0.00021132740101577945,node-4:9.103748384436575e-05,node-1:8.640097777189324e-05,node-2:7.621998913376037e-05
1652080322,service,frontend,Kubernetes Container Network Resource Packet Corruption,emailservice2-0:0.6515516967183634,emailservice-0:0.6378712275242455,shippingservice-1:0.6121745411925151,frontend-0:0.5967828257004101,paymentservice2-0:0.5890410386007666,emailservice-2:0.5576580811187181,adservice-2:0.5233928778431476,shippingservice2-0:0.5160870490839434,checkoutservice2-0:0.4972423011250015,checkoutservice-0:0.496646275254457,frontend-2:0.49463868636501945,frontend-1:0.4745965327034027,frontend2-0:0.4703968522802866,emailservice-1:0.4648160280745284,currencyservice2-0:0.46457407427355446,adservice-1:0.46434375018609647,adservice2-0:0.44899683679713354,paymentservice-2:0.4458910593661185,paymentservice-1:0.43089521134971837,recommendationservice-2:0.42546667890729833,adservice-0:0.4243043880212371,checkoutservice-2:0.42388278232772086,recommendationservice2-0:0.41306372631499094,recommendationservice-1:0.4105266428048198,shippingservice-0:0.4016591552413915,cartservice2-0:0.39912716957524225,paymentservice-0:0.39905381250597954,shippingservice-2:0.38825596337466695,cartservice-1:0.38110445161844925,checkoutservice-1:0.3775245348242075,recommendationservice-0:0.3582491290773036,productcatalogservice2-0:0.34207942985852907,productcatalogservice-1:0.341999265459817,currencyservice-0:0.3396180133052203,productcatalogservice-0:0.33718430198560717,currencyservice-1:0.30842919291323523,productcatalogservice-2:0.3007949754635321,currencyservice-2:0.28657834208246563,cartservice-0:0.20526796483277518,cartservice-2:0.18037806133795067,node-6:0.16649009787973987,node-5:0.1479126460401233,node-3:0.07791485705547105,node-2:0.06965917925977741,node-4:0.06923223383636735,node-1:0.030573104508192287
1652083866,node,node-5,Node CPU Failure,node-5:0.6823317961521248,node-1:0.36141859098995893,node-2:0.25887496549466155,adservice-2:0.2518080341639544,shippingservice-2:0.22973100793930687,node-4:0.2229371596310703,adservice-0:0.21726793486624318,emailservice-1:0.21179199079620206,cartservice-2:0.20828565737149965,currencyservice-1:0.19129790087285478,node-3:0.1871620713292189,shippingservice-0:0.17917893269929067,recommendationservice-1:0.17860376872529807,currencyservice-2:0.1765278000347702,node-6:0.17615199425237182,paymentservice2-0:0.17605163939769655,currencyservice2-0:0.17459788383471622,frontend-0:0.1741277780227849,checkoutservice-0:0.17211411968071288,checkoutservice-1:0.1705429378980811,cartservice-1:0.16913364120063024,frontend-1:0.16817064022328618,productcatalogservice-0:0.16100961896099622,recommendationservice-2:0.1603458650743108,productcatalogservice-1:0.16013605847740606,shippingservice-1:0.15962338267625867,adservice-1:0.15771770472716948,emailservice-2:0.1559059693679023,cartservice2-0:0.1500436858863448,adservice2-0:0.14616690700799623,productcatalogservice-2:0.1459948901101086,emailservice-0:0.14068183484359362,emailservice2-0:0.1308718382871026,currencyservice-0:0.12936211484885304,paymentservice-0:0.12301734021957123,checkoutservice-2:0.12204106076808117,recommendationservice-0:0.1165408277628626,cartservice-0:0.11314609872908121,frontend2-0:0.10659266848377712,checkoutservice2-0:0.10001068550015156,frontend-2:0.09672239654811186,shippingservice2-0:0.09660761157026927,paymentservice-1:0.08495957044654633,productcatalogservice2-0:0.07713467451805402,recommendationservice2-0:0.07376453853537702,paymentservice-2:0.06403013815779783
1652087378,node,node-3,Node Disk Write I/O Consumption,node-3:0.6441540906979242,node-4:0.34547924564932536,node-2:0.32088207827979637,node-1:0.296487820692478,node-6:0.27865764573042145,node-5:0.24146377193777188,shippingservice-2:0.14617149677144148,adservice-0:0.11644888717108404,emailservice-1:0.11456088546182029,checkoutservice-2:0.089464062301424,paymentservice-2:0.08268523100866121,recommendationservice-1:0.07783390116189375,frontend-1:0.07572636487464518,cartservice-1:0.07370001415374432,frontend-2:0.07102921621787085,cartservice-2:0.0655786595952436,frontend2-0:0.062177224874950206,paymentservice2-0:0.06203992903292992,adservice2-0:0.0585628401736479,productcatalogservice2-0:0.057560153163802606,currencyservice-2:0.05612743861685298,cartservice2-0:0.05118402287520903,currencyservice-1:0.050561893934898655,checkoutservice-1:0.04923583110636529,productcatalogservice-2:0.047851538730922044,checkoutservice-0:0.047210303299751545,adservice-1:0.0466525042423884,shippingservice-1:0.046569790819669936,currencyservice-0:0.046383246895558866,adservice-2:0.04569358985300564,productcatalogservice-0:0.042818435168674986,recommendationservice-2:0.041944804098116927,paymentservice-1:0.040591904537038696,paymentservice-0:0.038055047661787265,shippingservice-0:0.037624366333229575,recommendationservice-0:0.037342249799484854,currencyservice2-0:0.032372875825080784,shippingservice2-0:0.03001838081927097,checkoutservice2-0:0.03000170981981873,productcatalogservice-1:0.028171066390647148,cartservice-0:0.02711244608148852,emailservice2-0:0.02681713335655267,emailservice-2:0.02537969367113221,emailservice-0:0.02445279375480586,frontend-0:0.0223939922355936,recommendationservice2-0:0.01315390171435635
1652088630,pod,frontend-1,Kubernetes Container CPU Load,frontend-1:0.44703136855980197,frontend2-0:0.24948006114323362,adservice-2:0.24507790849216182,cartservice-0:0.24001207417102585,currencyservice2-0:0.2197195206070849,node-1:0.21698431455865855,productcatalogservice-0:0.2154489100473278,cartservice2-0:0.21089749990238613,node-2:0.20865627897575253,adservice2-0:0.207593187397502,cartservice-1:0.206241085154216,cartservice-2:0.20622665745951552,checkoutservice-2:0.20495655105552013,node-4:0.20222799594148355,adservice-1:0.19960347612662666,productcatalogservice-1:0.1927002656847688,checkoutservice2-0:0.1910046625542039,currencyservice-0:0.19049429832592127,currencyservice-2:0.18880203063932746,paymentservice2-0:0.18837477233582636,productcatalogservice-2:0.18477338436102186,productcatalogservice2-0:0.18421562793492305,emailservice-0:0.17986898052542735,emailservice-1:0.1773331809611678,adservice-0:0.1707133978026241,shippingservice-0:0.1685968959426991,emailservice2-0:0.16131339801555106,checkoutservice-0:0.15902169030422791,currencyservice-1:0.15889729508930323,node-3:0.15132960219374417,recommendationservice-0:0.15122194268700992,frontend-0:0.14791552368962657,paymentservice-2:0.14017477212095855,emailservice-2:0.13932497728610102,checkoutservice-1:0.13919330125109577,node-5:0.13340382574888734,paymentservice-0:0.1302418940479347,shippingservice2-0:0.1299988967633193,recommendationservice-2:0.12853305556222097,recommendationservice-1:0.12293400554320083,recommendationservice2-0:0.11949548544947118,node-6:0.11615034806358675,shippingservice-2:0.11515234565274086,shippingservice-1:0.11172277384068617,paymentservice-1:0.10996152581496936,frontend-2:0.10756308656914328
1652089514,pod,adservice-1,Kubernetes Container Read I/O Load,adservice-1:0.6003178725741901,productcatalogservice-0:0.5681255320958368,node-6:0.5617079006855951,productcatalogservice2-0:0.5439571427794326,productcatalogservice-2:0.5411122810689698,cartservice2-0:0.535547494627318,adservice-2:0.4898727648030065,emailservice2-0:0.46796769222989615,recommendationservice-0:0.45519512799695194,productcatalogservice-1:0.4293937535699634,cartservice-0:0.42110706616540955,frontend-2:0.42095511059892865,frontend-1:0.41979393184888397,shippingservice-0:0.4155836036554134,shippingservice-2:0.41266417499210717,cartservice-1:0.3959524527295571,paymentservice2-0:0.3902847918038322,adservice-0:0.3873211668992083,checkoutservice-2:0.3860276169811548,adservice2-0:0.3792246722959165,checkoutservice2-0:0.3776421991695797,recommendationservice-1:0.3722818597344286,recommendationservice-2:0.3701892378820821,emailservice-2:0.36997489669024036,currencyservice-0:0.36854703077481116,currencyservice-1:0.36724866735010214,emailservice-1:0.3347109800503985,emailservice-0:0.33218357791459213,paymentservice-2:0.31460109219224713,currencyservice2-0:0.30667415178974744,shippingservice-1:0.2999591696080741,shippingservice2-0:0.2989986651905264,paymentservice-0:0.29876241748662413,checkoutservice-1:0.2597536875255006,cartservice-2:0.25897342123506734,currencyservice-2:0.2588317456809632,checkoutservice-0:0.2549161264175776,frontend-0:0.25200020389117467,recommendationservice2-0:0.2513543792725373,paymentservice-1:0.24245150363720777,frontend2-0:0.2351361598833387,node-1:0.11880635562906494,node-2:0.08254015267759332,node-4:0.06959444926452163,node-5:0.055146233154977804,node-3:0.017808749775942618
1652090619,pod,frontend-2,Kubernetes Container Network Resource Packet Corruption,frontend-2:0.3128045492466132,node-5:0.29669050118227785,node-6:0.24119393132381617,node-2:0.2318132371274255,node-3:0.21405563644372208,productcatalogservice-2:0.19972798338790299,node-1:0.1866811951078413,productcatalogservice-1:0.17910944305032442,node-4:0.16565233916709704,shippingservice-0:0.14199308816994127,productcatalogservice2-0:0.12913821740589726,shippingservice-1:0.1290170106900217,paymentservice2-0:0.12757070395714995,currencyservice2-0:0.11819002297104482,currencyservice-1:0.11814536922072609,paymentservice-0:0.11791388908803492,frontend-0:0.11434155088553383,frontend2-0:0.10869928965997992,productcatalogservice-0:0.1069376280843295,cartservice-2:0.10622870563451392,emailservice-0:0.10145875059286273,frontend-1:0.09523397130019456,adservice-0:0.09401310428719067,shippingservice2-0:0.09312977620832404,adservice2-0:0.09175242809769518,recommendationservice-0:0.09143846901058217,paymentservice-1:0.08886418797299002,recommendationservice2-0:0.08746888472856051,recommendationservice-1:0.08656524052427088,currencyservice-0:0.08551600445300302,cartservice-1:0.08516215079042168,checkoutservice2-0:0.08446816354038211,emailservice-1:0.08376125925564983,paymentservice-2:0.08315753502143051,cartservice2-0:0.08147404226999157,recommendationservice-2:0.0802185765087784,currencyservice-2:0.07989921673544426,adservice-1:0.07838575841354256,checkoutservice-2:0.077645850278109,emailservice-2:0.07094721634394728,emailservice2-0:0.06776644073128217,shippingservice-2:0.06672961214664869,cartservice-0:0.06499951264394178,checkoutservice-1:0.05723466065003354,adservice-2:0.05456098272170512,checkoutservice-0:0.04824740518546216
1652092703,pod,productcatalogservice-0,Kubernetes Container Network Packet Loss,frontend-1:0.6486223702796773,frontend-0:0.6438904082517025,productcatalogservice-0:0.5251904199318865,recommendationservice2-0:0.5086619366934392,emailservice-1:0.502723408788807,emailservice-0:0.4583249584216194,productcatalogservice-2:0.40803138452839877,recommendationservice-2:0.4000627669391077,checkoutservice-1:0.3667166217292,frontend2-0:0.36009939007358005,paymentservice-0:0.35922058472795265,recommendationservice-0:0.3480527152794856,shippingservice-0:0.34611142771810427,shippingservice-1:0.3440887639736023,checkoutservice-0:0.3435563267503153,frontend-2:0.33888277070594036,checkoutservice-2:0.3381408994284307,productcatalogservice-1:0.33246751649521034,shippingservice-2:0.3089633621845745,recommendationservice-1:0.30028061218462504,paymentservice2-0:0.28421496446845046,paymentservice-2:0.2797555158295045,paymentservice-1:0.2788716938624004,adservice-2:0.265503982587931,cartservice-1:0.2489427839493593,cartservice-0:0.2387688887920845,adservice-1:0.22525132848915888,currencyservice-1:0.2007902702091641,currencyservice-0:0.2007426909455022,currencyservice-2:0.2005013059668114,adservice-0:0.19950908018159763,adservice2-0:0.1928694281536283,emailservice-2:0.18417658457830335,cartservice-2:0.18187494597290355,productcatalogservice2-0:0.17175949558029316,currencyservice2-0:0.14730105138208302,shippingservice2-0:0.11588337205086985,cartservice2-0:0.0997347023064989,emailservice2-0:0.0942514322482581,checkoutservice2-0:0.08327732913121297,node-6:0.010926432551691652,node-5:0.006263270332402094,node-3:0.0002540697262615074,node-4:8.173939582700375e-05,node-1:4.66533458062088e-05,node-2:4.265145853101773e-05
1652093544,pod,paymentservice-2,Kubernetes Container Process Termination,checkoutservice-2:0.3777628099940072,paymentservice-2:0.33827963172067643,currencyservice2-0:0.29739381088349287,productcatalogservice2-0:0.28064565950848364,productcatalogservice-0:0.27891233291252443,productcatalogservice-1:0.2788555868004911,frontend2-0:0.27791713523912037,cartservice-1:0.2680371199467016,emailservice-0:0.2674027483238866,checkoutservice2-0:0.2637196082217886,recommendationservice-0:0.26184960806379687,recommendationservice-2:0.2610990801592512,emailservice-2:0.25957950891435777,checkoutservice-1:0.24849769092563115,currencyservice-2:0.24090774421013675,adservice-0:0.23980398119860225,cartservice2-0:0.23078399453031653,adservice-2:0.2172403811790011,adservice2-0:0.21364121903371527,shippingservice-2:0.21229808283974702,frontend-0:0.21146562017393303,paymentservice-0:0.2017287834535059,emailservice-1:0.19585180560402402,cartservice-0:0.19342427061848802,cartservice-2:0.17977251298575536,checkoutservice-0:0.1797328683562264,currencyservice-0:0.17902455504576495,recommendationservice-1:0.17618689369019713,paymentservice-1:0.17394187372760941,currencyservice-1:0.16888448498933814,recommendationservice2-0:0.16348088383860068,adservice-1:0.16056111445311003,productcatalogservice-2:0.14898412537087544,shippingservice-1:0.14867486054276052,emailservice2-0:0.144748589809298,shippingservice-0:0.14460322650145732,frontend-1:0.14443571648451484,paymentservice2-0:0.1350286438787904,shippingservice2-0:0.13120888632459332,node-5:0.10139342009751579,node-2:0.09975424117851457,node-3:0.0968063024364315,node-6:0.09479668406897057,node-4:0.0873190056371891,node-1:0.08048611032960043,frontend-2:0.07590916866822146
1652097055,pod,emailservice-2,Kubernetes Container Network Packet Loss,emailservice-2:0.3409335333211565,productcatalogservice2-0:0.2813277749087696,paymentservice2-0:0.2698237104316554,cartservice-0:0.2686395760743563,node-5:0.26182983677616745,cartservice-2:0.25522677990376086,adservice-2:0.2482340226387458,paymentservice-0:0.24149186039279869,paymentservice-1:0.23629003777078164,currencyservice2-0:0.2308135831136634,node-4:0.2251510416695147,node-3:0.2251094881624873,node-2:0.22481191476055754,checkoutservice-0:0.22414023852694379,currencyservice-1:0.22316832663873953,productcatalogservice-2:0.21542840660546625,checkoutservice2-0:0.2039890078598021,adservice-1:0.20262030941581344,adservice2-0:0.19554997782105452,recommendationservice-0:0.1829342565377323,shippingservice2-0:0.17991409644425974,recommendationservice2-0:0.17923111860820282,shippingservice-2:0.17461017317527416,node-1:0.1656193045890266,shippingservice-1:0.1645954829604321,frontend2-0:0.16100307648918016,adservice-0:0.15872951418503445,productcatalogservice-1:0.15388764758113982,checkoutservice-1:0.15372363972431405,checkoutservice-2:0.14591362795834553,currencyservice-2:0.14405263038250996,recommendationservice-1:0.14373783207761293,cartservice-1:0.137080339406533,productcatalogservice-0:0.130180309146694,paymentservice-2:0.12777578198715303,frontend-2:0.11901246241641171,shippingservice-0:0.11891662441780197,recommendationservice-2:0.11750024323083436,currencyservice-0:0.11519378838518389,emailservice-0:0.11240384933499777,cartservice2-0:0.10818523587202226,node-6:0.09189304821730375,emailservice-1:0.09097983125090352,frontend-0:0.08977257045892577,frontend-1:0.08336109391825786,emailservice2-0:0.06738111897449627
1652099503,service,emailservice,Kubernetes Container Write I/O Load,emailservice-1:0.738810134659952,emailservice-2:0.7097873013085795,emailservice-0:0.6822422580379285,emailservice2-0:0.6257825119792956,adservice2-0:0.5301800827145945,currencyservice2-0:0.5004445301921893,adservice-2:0.49862156098020843,adservice-0:0.4839114296013803,recommendationservice2-0:0.4821162612229222,recommendationservice-2:0.4629796066867855,paymentservice-2:0.4606537638906041,frontend-2:0.4568133497212123,checkoutservice-0:0.43998049826649055,checkoutservice-2:0.43281082576306057,shippingservice-0:0.4304406332614099,checkoutservice2-0:0.4273061289524538,cartservice-2:0.4191248407287471,cartservice-1:0.4113599695541194,recommendationservice-1:0.3967831098207009,checkoutservice-1:0.3899763047366311,currencyservice-2:0.38135416096210517,adservice-1:0.38036877202101477,shippingservice-2:0.3798317214754677,productcatalogservice-0:0.37208068262994054,cartservice-0:0.36717663217131785,productcatalogservice2-0:0.36425036633605096,currencyservice-1:0.3631923480349142,frontend2-0:0.3557458108516547,recommendationservice-0:0.3460715735698632,productcatalogservice-1:0.34286822064915196,currencyservice-0:0.33848894737092516,shippingservice2-0:0.33528379506983036,frontend-1:0.3267607015812248,frontend-0:0.3260738702061438,paymentservice2-0:0.324992079418828,paymentservice-1:0.31985812680191833,productcatalogservice-2:0.31801042925343764,shippingservice-1:0.31350250460829104,paymentservice-0:0.2469139269900232,cartservice2-0:0.22022223876574468,node-6:0.16106235863195584,node-2:0.08990018183976867,node-5:0.08970869569107813,node-1:0.06730570436660623,node-3:0.054596490731832266,node-4:0.052941518854982196
1652101150,node,node-4,Node CPU Failure,shippingservice-1:0.46074877791791513,shippingservice-2:0.4538006123141945,currencyservice-1:0.34327603857150696,productcatalogservice2-0:0.335062207993803,currencyservice2-0:0.32448134020761066,adservice-0:0.3016876582753572,adservice2-0:0.29976526935373243,adservice-1:0.2986499962537384,frontend2-0:0.28842670489180894,productcatalogservice-1:0.2829252410205891,cartservice-1:0.27994724753691824,adservice-2:0.2747692475811759,node-4:0.27014298147483917,currencyservice-0:0.26286516316528946,paymentservice-2:0.2580440499084246,productcatalogservice-0:0.2573380757354556,recommendationservice-2:0.25507483767080635,checkoutservice-2:0.2533798223322841,checkoutservice-1:0.2505730385612281,paymentservice-1:0.24777954463430782,shippingservice-0:0.24142933132738845,frontend-0:0.2406834775619703,frontend-1:0.23875734616747976,productcatalogservice-2:0.23132149180354256,emailservice-2:0.228012993952732,recommendationservice-1:0.2268420290278269,currencyservice-2:0.22560282125290124,recommendationservice2-0:0.223186694165987,paymentservice-0:0.22259142813388275,checkoutservice2-0:0.21880555500538215,node-2:0.21463284780946065,shippingservice2-0:0.21403254398551555,emailservice-1:0.21325613935746682,cartservice2-0:0.21172678978353077,cartservice-0:0.2064640916891645,recommendationservice-0:0.1989795477800523,checkoutservice-0:0.19707052481612308,cartservice-2:0.19337363675003305,emailservice-0:0.18228677256482817,frontend-2:0.1819926259998975,paymentservice2-0:0.18022615698747446,node-3:0.16241942976445548,node-5:0.16045600949932134,emailservice2-0:0.15409659835093434,node-6:0.129573803456692,node-1:0.12400661859247615
1652102061,pod,cartservice-2,Kubernetes Container Network Resource Packet Corruption,frontend-0:0.3080802863739231,frontend-2:0.29998169203036745,checkoutservice-1:0.2999249559551689,frontend-1:0.28856939240160673,paymentservice-0:0.26447397625506947,cartservice-1:0.23556585229168844,currencyservice-0:0.23046746386031258,emailservice-0:0.22676430536715064,cartservice-2:0.21354948359889062,paymentservice-2:0.20982227728654868,currencyservice-1:0.20768060861188745,paymentservice-1:0.19902459983718526,checkoutservice-0:0.19546627034928996,emailservice-2:0.19069974983001217,checkoutservice-2:0.18489124325243256,cartservice-0:0.18223001069649689,adservice-1:0.18134814391313656,adservice-0:0.17172028844560913,currencyservice-2:0.16375889958259593,emailservice-1:0.155343984959432,shippingservice-2:0.14970073333491993,shippingservice-1:0.1485219875479131,adservice-2:0.14674154575040246,recommendationservice-2:0.10191725989784654,shippingservice-0:0.09686072962832827,adservice2-0:0.09662803985483133,currencyservice2-0:0.07574371978711238,productcatalogservice2-0:0.07506675155067462,paymentservice2-0:0.07484601831486169,recommendationservice-1:0.07479794895112052,recommendationservice-0:0.07325692814484223,frontend2-0:0.06192478767210194,recommendationservice2-0:0.061106552408242754,productcatalogservice-0:0.057113409318407395,emailservice2-0:0.05615990391714209,productcatalogservice-2:0.05522735526613182,shippingservice2-0:0.049637443447952824,productcatalogservice-1:0.048708318242012716,cartservice2-0:0.04739727557422666,node-1:0.03931191544885978,node-6:0.0377890857394638,checkoutservice2-0:0.03297016122748413,node-2:0.028005089895823565,node-4:0.021559467178138423,node-3:0.017734775988985926,node-5:0.01504269321181524
1652103411,node,node-2,Node CPU Failure,node-2:0.6007614489321977,node-1:0.38948273752387313,paymentservice-2:0.30143353799718375,shippingservice-0:0.29509679217192303,productcatalogservice-0:0.29252435344952726,adservice-0:0.2809494786621414,cartservice-1:0.2704012899533272,currencyservice-1:0.26927711394114473,shippingservice-1:0.2628587835749066,currencyservice-2:0.25438924338359953,adservice-2:0.2538079337435833,currencyservice-0:0.24850659380133455,shippingservice-2:0.24688411340143782,emailservice-1:0.2440440494471007,emailservice-0:0.24297023661089534,paymentservice-1:0.24254895168645083,node-3:0.23049093222153325,node-6:0.22820871812463114,paymentservice-0:0.22798385893873632,cartservice2-0:0.2236604102886365,emailservice-2:0.22322632623156344,shippingservice2-0:0.22250134722999593,recommendationservice-1:0.21539321220746518,recommendationservice2-0:0.21313092741549147,frontend-1:0.20692144378522115,node-5:0.20659759410575781,frontend2-0:0.19233337003007614,frontend-0:0.19152770966257782,cartservice-0:0.1890790198282256,emailservice2-0:0.1875094955374306,adservice-1:0.18513848450493328,checkoutservice-2:0.18426318013016393,productcatalogservice-1:0.1804104196961672,productcatalogservice-2:0.17657953837351872,frontend-2:0.1641188358266084,productcatalogservice2-0:0.16213032675587155,checkoutservice-0:0.16140921639009995,recommendationservice-0:0.15815200275011226,currencyservice2-0:0.15252105573965463,recommendationservice-2:0.1510688597848405,checkoutservice-1:0.13800845065014397,adservice2-0:0.13703299043940861,checkoutservice2-0:0.12837595317556283,cartservice-2:0.12406759174298353,node-4:0.12097956247107994,paymentservice2-0:0.10179472782108388
1652104717,pod,currencyservice-2,Kubernetes Container CPU Load,currencyservice-2:0.5516738241859128,adservice2-0:0.5405378703914231,adservice-2:0.540114922812094,emailservice-0:0.49629387974465505,adservice-0:0.49524106224967873,productcatalogservice-1:0.4858787601239935,emailservice-2:0.483339128726132,frontend-0:0.47486155739172364,recommendationservice-1:0.47039156332331666,checkoutservice2-0:0.4646292727549271,frontend-1:0.46334281740078814,checkoutservice-2:0.46253004734862063,cartservice2-0:0.4621574409015892,productcatalogservice2-0:0.46043783279327505,adservice-1:0.45973500494051883,frontend-2:0.4460397077397795,emailservice-1:0.4314560354454971,recommendationservice-2:0.4099875350713229,checkoutservice-1:0.40261752703058384,paymentservice-2:0.3959541049924897,emailservice2-0:0.38647728165984563,productcatalogservice-2:0.38016932104391604,shippingservice-2:0.37566365655245026,cartservice-1:0.3751112549753531,currencyservice-1:0.36915025035349164,shippingservice-1:0.36557059715291507,shippingservice2-0:0.3612307377190196,frontend2-0:0.35446862168254906,currencyservice-0:0.3521065791668443,paymentservice-0:0.34696237819411463,recommendationservice-0:0.34559055934359667,recommendationservice2-0:0.3289835683001107,currencyservice2-0:0.3136276174484268,cartservice-0:0.30610829315480986,productcatalogservice-0:0.30239377614553015,cartservice-2:0.2827981207151779,paymentservice-1:0.26817083511513695,shippingservice-0:0.25097472881698446,checkoutservice-0:0.22882565125996981,paymentservice2-0:0.19557273023606372,node-6:0.11093675356975712,node-5:0.10787584419800743,node-4:0.08762162030107414,node-3:0.08363351968263559,node-1:0.07126167720862218,node-2:0.06920831497565093
1652105625,node,node-6,Node Disk Read I/O Consumption,node-2:0.37233321622799603,node-6:0.35261014717994016,node-4:0.2826076754685572,node-5:0.1982045339189684,node-1:0.18028654721876122,productcatalogservice-2:0.11803739356954358,node-3:0.11775981226882208,productcatalogservice-1:0.09279838221616403,productcatalogservice-0:0.09192374532965082,recommendationservice-2:0.09155402088035632,adservice-0:0.08319413594930854,emailservice-1:0.0794164395966946,checkoutservice-2:0.07905051039598729,paymentservice2-0:0.061364365707957204,shippingservice-2:0.05816766254379624,frontend-0:0.056268409623407956,recommendationservice-1:0.05129154897815874,emailservice-2:0.044462373299509104,frontend-2:0.04209544498204001,adservice2-0:0.04105098588319431,recommendationservice2-0:0.03398010903377154,shippingservice2-0:0.03372556872232926,frontend-1:0.03114651405381857,currencyservice-1:0.030365436278898168,productcatalogservice2-0:0.02896194923762857,paymentservice-0:0.02850623192413002,checkoutservice-1:0.028281959810643454,currencyservice-0:0.026647711305668138,currencyservice-2:0.025460355385144993,checkoutservice2-0:0.023990986222120064,checkoutservice-0:0.023804269183210214,cartservice-0:0.022619851957586038,paymentservice-1:0.022373290760643427,frontend2-0:0.021736302116969145,cartservice-1:0.02130903017199903,paymentservice-2:0.020287050078670203,cartservice-2:0.019906087270890167,adservice-2:0.01830401744487662,shippingservice-1:0.018182288246208007,shippingservice-0:0.017985060584977872,recommendationservice-0:0.017980794908391846,emailservice-0:0.017765848764465433,adservice-1:0.017399298069997318,currencyservice2-0:0.013224462003870924,emailservice2-0:0.01079018118750693,cartservice2-0:0.010428994268888445
1652108177,service,productcatalogservice,Kubernetes Container Network Resource Packet Corruption,frontend2-0:0.4942974634074573,frontend-1:0.48885192739148775,productcatalogservice-2:0.4354945744982488,frontend-0:0.4344230471602429,checkoutservice2-0:0.42620377350087274,productcatalogservice-1:0.394421192742984,currencyservice-1:0.38713484102236856,productcatalogservice2-0:0.38407330850817184,currencyservice-0:0.366833810971433,productcatalogservice-0:0.3601100683008654,frontend-2:0.3573898413542545,recommendationservice-2:0.33925720507322693,emailservice2-0:0.3339932529332199,adservice2-0:0.31375703693650786,shippingservice2-0:0.305275375087033,recommendationservice2-0:0.3042456847377897,currencyservice-2:0.279966973009118,recommendationservice-1:0.26479568424632743,paymentservice2-0:0.2435914341964711,adservice-1:0.2430819587013011,adservice-2:0.23682228289311616,currencyservice2-0:0.22768244809228702,shippingservice-0:0.22142598253372736,adservice-0:0.21642271169268135,cartservice-1:0.21000382556984407,shippingservice-2:0.20043739364867796,shippingservice-1:0.177000548469487,cartservice-0:0.17693996231335432,paymentservice-0:0.16870627415105618,cartservice-2:0.15781959079588773,emailservice-1:0.14230224551229578,paymentservice-1:0.13988782502737557,paymentservice-2:0.12975767126226578,emailservice-0:0.12211440284784723,checkoutservice-1:0.11712560142246213,emailservice-2:0.11476445989255883,checkoutservice-2:0.09749069635183492,checkoutservice-0:0.09216164871979733,recommendationservice-0:0.09003117876610474,cartservice2-0:0.08508475685412091,node-6:0.051367476050646003,node-5:0.049952202790736915,node-2:0.025706170030797792,node-3:0.02249928569899688,node-4:0.014336417670615144,node-1:0.013586000657352588
1652110645,pod,recommendationservice-0,Kubernetes Container Memory Load,productcatalogservice2-0:0.6299326529177456,checkoutservice2-0:0.5698135311715075,checkoutservice-1:0.5681853771499218,frontend2-0:0.5405922335437823,recommendationservice-0:0.5365080793637693,checkoutservice-0:0.4949940480883386,checkoutservice-2:0.4929807983006358,recommendationservice2-0:0.4117670941431766,currencyservice-0:0.3652327061226881,productcatalogservice-1:0.36218970731853245,shippingservice-1:0.35780534729882424,shippingservice-0:0.35590137768866575,adservice-2:0.3548750607164028,adservice2-0:0.3467116208633216,emailservice-1:0.34404914209643417,currencyservice2-0:0.33866833003729707,productcatalogservice-2:0.33600680122466664,shippingservice2-0:0.333998222477575,frontend-0:0.33236665839557866,adservice-0:0.3308461392813178,cartservice-0:0.32846682544598366,cartservice-1:0.3283079316928398,adservice-1:0.3267741485482451,paymentservice-2:0.3151503810785906,emailservice-0:0.3137653544698174,currencyservice-1:0.3116719220762783,paymentservice-0:0.3082978007189294,paymentservice-1:0.306820626976162,recommendationservice-2:0.30283473730649546,frontend-1:0.29216269915147536,emailservice-2:0.2896560063640449,shippingservice-2:0.28667491767999004,recommendationservice-1:0.2722806874772687,cartservice-2:0.2657990803881413,productcatalogservice-0:0.2611033888986692,frontend-2:0.23307337353734728,currencyservice-2:0.22477505349818097,cartservice2-0:0.19260870159885324,node-6:0.13383901293785705,emailservice2-0:0.11579629353202535,node-5:0.112755114402759,paymentservice2-0:0.11108992264080324,node-1:0.07494365470693744,node-3:0.06134936451716238,node-4:0.053660434996175156,node-2:0.052522254595524794
