timestamp,injection_name,failure_type,Top1,Top2,Top3,Top4,Top5,Top6,Top7,Top8,Top9,Top10,Top11,Top12,Top13,Top14,Top15,Top16,Top17,Top18,Top19,Top20,Top21,Top22,Top23,Top24,Top25,Top26,Top27,Top28,Top29,Top30,Top31,Top32,Top33,Top34,Top35,Top36,Top37,Top38,Top39,Top40,Top41,Top42,Top43,Top44,Top45,Top46,Top47,Top48,Top49,Top50,Top51
1752843630,ts3-ts-basic-service,7,ts-travel-service:0.9595110042919462,ts-seat-service:0.9580310864750218,ts-basic-service:0.9127139640427351,ts-train-food-service:0.8980931569556412,ts-ticket-office-service:0.8918869433947285,ts-inside-payment-service:0.8903665490233078,ts-execute-service:0.889568474233501,ts-admin-order-service:0.8887689544691649,ts-consign-price-service:0.8868481265906204,ts-admin-route-service:0.8773579399998606,ts-contacts-service:0.875340876714319,ts-admin-user-service:0.8719827574549825,ts-cancel-service:0.868356200627734,ts-admin-travel-service:0.8670557162337866,ts-price-service:0.8662034228649111,ts-verification-code-service:0.8661464916745851,ts-wait-order-service:0.8659996656502744,ts-ui-dashboard:0.8639649869400092,ts-travel-plan-service:0.8555606538845051,ts-admin-basic-info-service:0.8535071022953727,ts-preserve-service:0.8377075925321127,ts-food-service:0.794304394593537,ts-order-service:0.7781324609319236,rabbitmq:0.7711509005401744,mysql:0.7443578722788458,ts-route-service:0.7420835354362605,ts-config-service:0.693104903863315,ts-voucher-service:0.6883482397495071,ts-news-service:0.6862187255947759,loadgenerator:0.6831658545917934,ts-auth-service:0.6829653274718763,ts-payment-service:0.6702329619241543,ts-avatar-service:0.6670546850071223,ts-route-plan-service:0.6668426580569872,ts-train-service:0.6609364676427179,ts-consign-service:0.6601271975833582,ts-order-other-service:0.658849045975824,ts-food-delivery-service:0.6579043930965371,ts-gateway-service:0.6469377080792447,ts-rebook-service:0.6459084805849239,ts-station-service:0.6379318699854736,ts-security-service:0.6374574246126398,ts-assurance-service:0.6351282159165366,ts-user-service:0.6153830245765745,ts-delivery-service:0.6123807677788656,ts-station-food-service:0.611392080716584,ts-preserve-other-service:0.6100776849031235,ts-notification-service:0.6021381344417494,ts-travel2-service:0.598285418176574,federate:0.4698581817969648,:0.46938877949092045
1753311980,ts2-ts-consign-price-service,2,ts-consign-price-service:0.8492293122819228,ts-verification-code-service:0.6266587962896235,ts-voucher-service:0.5380930775665003,loadgenerator:0.5374314024445517,ts-gateway-service:0.5055269105130722,rabbitmq:0.4955118280874862,ts-avatar-service:0.48337979186633895,ts-ticket-office-service:0.4754740014393327,:0.4727307372154983,federate:0.47144032804501723,ts-admin-user-service:0.4272630602759169,ts-preserve-service:0.4151224728889175,ts-route-service:0.40779651917347326,ts-travel-plan-service:0.404844724808748,ts-cancel-service:0.39914045541784343,ts-order-service:0.38052090521729476,mysql:0.36821268022174475,ts-price-service:0.36226154428119245,ts-config-service:0.3451233158564031,ts-preserve-other-service:0.34485047567882626,ts-inside-payment-service:0.34258090585471684,ts-contacts-service:0.34167063776295964,ts-ui-dashboard:0.3375170279473195,ts-train-food-service:0.3368567246345079,ts-station-service:0.33113326682482813,ts-station-food-service:0.3267231724175269,ts-rebook-service:0.3182423083753171,ts-admin-order-service:0.2955208510096679,ts-admin-route-service:0.28912568536027217,ts-assurance-service:0.2814191082984957,ts-wait-order-service:0.2783234130525888,ts-user-service:0.27188739267417916,ts-food-delivery-service:0.2698843378665376,ts-order-other-service:0.2683249433558519,ts-route-plan-service:0.26392375389456296,ts-seat-service:0.255689725621153,ts-payment-service:0.24486233734257407,ts-admin-basic-info-service:0.23810194305996907,ts-admin-travel-service:0.22352493177414112,ts-train-service:0.21925521591020058,ts-news-service:0.21610517585491962,ts-food-service:0.21531219817386718,ts-basic-service:0.21062488358972034,ts-security-service:0.1941067815130346,ts-execute-service:0.16938851983369102,ts-travel2-service:0.1689195052119532,ts-consign-service:0.1664543798163616,ts-travel-service:0.15952328711613747,ts-auth-service:0.13775641468702246,ts-delivery-service:0.036874534235260464,ts-notification-service:0.032769598304322196
1753312030,ts2-ts-consign-price-service,2,ts-consign-price-service:0.7955863990754022,loadgenerator:0.6956459387028548,ts-admin-route-service:0.6913997147865739,ts-admin-travel-service:0.6396772349935811,ts-admin-user-service:0.6297890239424352,ts-ticket-office-service:0.6187338614047609,ts-preserve-service:0.6100331772748484,ts-station-service:0.6071270851201301,ts-contacts-service:0.6066021053408319,ts-route-service:0.5973497616768471,ts-route-plan-service:0.580329124207716,ts-train-food-service:0.5716377524027257,ts-train-service:0.5641737568534132,ts-cancel-service:0.5528892060241278,ts-ui-dashboard:0.5525437683335318,ts-rebook-service:0.5327048922067219,ts-price-service:0.5153032924670526,ts-preserve-other-service:0.5149157884271757,ts-execute-service:0.5086293165259602,ts-verification-code-service:0.5005110946556511,ts-assurance-service:0.4875768396813477,ts-voucher-service:0.48742002952837327,ts-admin-order-service:0.4872578884744602,ts-station-food-service:0.481763163330486,ts-user-service:0.48041403000511873,ts-wait-order-service:0.4792412880897472,ts-payment-service:0.4700648902247757,:0.4690227071996559,federate:0.4682198627163895,mysql:0.4668907261788646,ts-inside-payment-service:0.44207725348088545,ts-food-service:0.4304590868061717,ts-food-delivery-service:0.42956915949075014,ts-security-service:0.4119781346366703,rabbitmq:0.41082684085072774,ts-admin-basic-info-service:0.41081336985154737,ts-auth-service:0.4067726788165349,ts-travel-service:0.3771117920504971,ts-consign-service:0.37122048760860316,ts-avatar-service:0.36258375987965313,ts-travel2-service:0.33273005702769076,ts-seat-service:0.3198326542778783,ts-order-other-service:0.2628622283889257,ts-basic-service:0.2616541633809073,ts-travel-plan-service:0.2583022895788232,ts-order-service:0.25505372537242416,ts-news-service:0.25407329770390324,ts-gateway-service:0.22090643581449404,ts-config-service:0.16308126256737293,ts-notification-service:0.058899375397975795,ts-delivery-service:0.05097761901295646
1753312080,ts2-ts-consign-price-service,2,ts-consign-price-service:0.7623478727879041,loadgenerator:0.7003662804252476,ts-route-service:0.6404680369699052,ts-travel-plan-service:0.6191481105961248,ts-admin-route-service:0.60040986722253,ts-ui-dashboard:0.5699988338483924,ts-price-service:0.5623926799980707,ts-station-service:0.561552104637016,ts-admin-travel-service:0.5611116409088686,ts-ticket-office-service:0.5597501410461332,ts-admin-user-service:0.5385581044790231,ts-station-food-service:0.5128376375998291,ts-contacts-service:0.5086576992681138,:0.5012014334425077,federate:0.5004388705706235,ts-config-service:0.4830624546745342,ts-cancel-service:0.4787646842287506,ts-order-other-service:0.47875359205343443,ts-rebook-service:0.475197412220147,ts-train-food-service:0.47441571175054176,ts-voucher-service:0.4710398451499004,ts-inside-payment-service:0.46659789009129615,ts-security-service:0.4537016908671304,ts-route-plan-service:0.4491878455903734,mysql:0.4458369418267995,ts-auth-service:0.44485553080501156,ts-preserve-other-service:0.43120420492800676,ts-admin-order-service:0.4274818591667909,ts-execute-service:0.42587176287947004,rabbitmq:0.42304595173420245,ts-wait-order-service:0.41497533353133276,ts-train-service:0.40516455737731844,ts-assurance-service:0.40505378457195884,ts-user-service:0.40290164700580466,ts-gateway-service:0.38947769591308634,ts-payment-service:0.38632813738883454,ts-verification-code-service:0.3799430786100709,ts-preserve-service:0.3775057202113704,ts-food-delivery-service:0.3611557881120571,ts-seat-service:0.3444523667358465,ts-admin-basic-info-service:0.34341546260158323,ts-avatar-service:0.3411308519362001,ts-travel-service:0.3291797281869715,ts-food-service:0.31656987643903245,ts-order-service:0.2966728551877609,ts-basic-service:0.28269718126945687,ts-consign-service:0.2379730184872312,ts-news-service:0.21279617865563394,ts-travel2-service:0.1837522892482708,ts-delivery-service:0.07841151943104438,ts-notification-service:0.054962798950933804
1753312130,ts2-ts-consign-price-service,2,loadgenerator:0.7477251507726639,ts-consign-price-service:0.716141144753541,ts-admin-route-service:0.6763399941903623,ts-route-service:0.6649259478791008,ts-travel-plan-service:0.6608925806967034,ts-preserve-service:0.6575049619490674,ts-admin-travel-service:0.6402709529727181,ts-price-service:0.6243782634954687,ts-route-plan-service:0.6169617157119511,ts-admin-user-service:0.615455554375169,ts-station-service:0.5960346115810061,ts-ticket-office-service:0.5706778964785826,ts-order-other-service:0.5545750676307365,:0.554049943944133,federate:0.5529043749433094,ts-voucher-service:0.5526736462904017,ts-cancel-service:0.5482987272901334,ts-contacts-service:0.5393885165250525,ts-rebook-service:0.5384679672385828,ts-ui-dashboard:0.5356641392485408,ts-train-food-service:0.5147335575567796,ts-train-service:0.5140328360718633,ts-preserve-other-service:0.4999619023030927,mysql:0.495011900251517,ts-security-service:0.49453271798417736,ts-wait-order-service:0.487808338132362,ts-admin-order-service:0.48656263854940496,ts-station-food-service:0.485781353278478,ts-execute-service:0.4854523916504503,rabbitmq:0.47110109401533573,ts-inside-payment-service:0.4688048074022019,ts-gateway-service:0.46521503787954055,ts-avatar-service:0.43546018254740537,ts-assurance-service:0.41142582639505965,ts-auth-service:0.39900968782668567,ts-verification-code-service:0.39884608163727386,ts-food-delivery-service:0.3953838134803499,ts-config-service:0.3929736207900511,ts-payment-service:0.38927937002865365,ts-admin-basic-info-service:0.3877355575272872,ts-food-service:0.3546232740632326,ts-seat-service:0.32555627209157334,ts-travel-service:0.3221450406967541,ts-user-service:0.30409432462141506,ts-basic-service:0.28120090821838645,ts-consign-service:0.27927763402599354,ts-notification-service:0.2760730310646769,ts-order-service:0.24122326336371633,ts-news-service:0.2120405618782308,ts-delivery-service:0.18523131217104893,ts-travel2-service:0.16935652199235082
1753266900,ts1-ts-inside-payment-service,28,ts-inside-payment-service:0.9248932598975776,ts-ticket-office-service:0.5429392461018374,ts-order-other-service:0.4910677215493269,ts-price-service:0.4692241482754045,:0.44502069325547144,federate:0.44480913560404123,ts-route-plan-service:0.44474117329660534,ts-travel-plan-service:0.4432618385926078,ts-assurance-service:0.4415469487038288,ts-admin-user-service:0.44055637128202835,ts-food-delivery-service:0.43297945018704,ts-ui-dashboard:0.4324545840945082,ts-config-service:0.4282302069429067,ts-preserve-other-service:0.4230656294522091,ts-basic-service:0.42120547116446044,ts-voucher-service:0.41923291882769675,ts-route-service:0.4147191539846961,mysql:0.41361448932440636,ts-admin-order-service:0.4008941302414899,ts-seat-service:0.3973524172790737,ts-execute-service:0.388723478658639,ts-station-service:0.3825918006594247,ts-avatar-service:0.38110069618751125,ts-travel-service:0.3801050447184702,ts-auth-service:0.37993569557207907,ts-admin-route-service:0.3698936800954856,ts-cancel-service:0.36482921743670127,ts-admin-basic-info-service:0.36171325771619,ts-consign-price-service:0.3594883038462944,ts-wait-order-service:0.35940706784629406,ts-notification-service:0.359098639484678,ts-contacts-service:0.3589253932147093,ts-admin-travel-service:0.3533926354065723,ts-station-food-service:0.34799842842372697,ts-train-food-service:0.3477486541519679,ts-security-service:0.34544356245363966,ts-rebook-service:0.3392782577238439,loadgenerator:0.33230578415186696,ts-payment-service:0.3243964383982899,ts-user-service:0.3047622997794499,ts-delivery-service:0.2948226679789372,rabbitmq:0.27684867947535224,ts-news-service:0.26953673394484967,ts-order-service:0.26914770287251955,ts-gateway-service:0.2663160749960983,ts-verification-code-service:0.25869089109101795,ts-consign-service:0.24965783906605862,ts-travel2-service:0.23541405341017388,ts-food-service:0.2249926468974946,ts-train-service:0.16495967078239676,ts-preserve-service:0.14328880691844625
1753266950,ts1-ts-inside-payment-service,28,ts-inside-payment-service:0.8938597133215445,ts-assurance-service:0.5640931270191141,ts-food-delivery-service:0.5315562263301019,ts-route-plan-service:0.5310776716756554,ts-admin-route-service:0.5293317568908016,ts-admin-user-service:0.5100952923512506,ts-cancel-service:0.5095755710965603,ts-preserve-other-service:0.5020263465811923,ts-payment-service:0.48710253810609416,ts-admin-order-service:0.48328885405995886,ts-travel-service:0.482399009137094,ts-execute-service:0.4815212326665965,ts-ticket-office-service:0.47993597401905,ts-admin-basic-info-service:0.479366402009251,ts-train-food-service:0.4790904385301892,ts-admin-travel-service:0.47818749559423207,ts-order-other-service:0.4686364587383758,ts-wait-order-service:0.46409645699725666,ts-gateway-service:0.4634563360347749,ts-ui-dashboard:0.46212989511117736,:0.4598069108579834,federate:0.4594983875064227,ts-price-service:0.45932004757977474,ts-contacts-service:0.44581007432588493,ts-voucher-service:0.44466288734726017,ts-train-service:0.4288962281041538,ts-station-food-service:0.4268214830259348,ts-seat-service:0.425690547990884,ts-preserve-service:0.42202249258949953,ts-rebook-service:0.4200511640557544,ts-food-service:0.4159955830943051,ts-station-service:0.412829702764739,ts-avatar-service:0.4098665543356644,ts-route-service:0.4007904635478301,ts-notification-service:0.3971695899315563,mysql:0.38833652774849714,ts-consign-price-service:0.3882815008764362,ts-config-service:0.38641913069320216,ts-basic-service:0.38549188729024403,ts-consign-service:0.37804310573159405,ts-verification-code-service:0.3654063512308502,ts-security-service:0.3610341477357848,loadgenerator:0.35885541309435015,ts-auth-service:0.3462325640624893,ts-order-service:0.34488618332264676,ts-travel-plan-service:0.3329119486139094,ts-news-service:0.32607100121132954,rabbitmq:0.31582307462347603,ts-user-service:0.3094873638716479,ts-travel2-service:0.24146400800021003,ts-delivery-service:0.20718541788633918
1753267000,ts1-ts-inside-payment-service,28,ts-inside-payment-service:0.8317762578053609,ts-cancel-service:0.6295421635365315,ts-assurance-service:0.6174103556864651,ts-ui-dashboard:0.6013223927601927,ts-travel-service:0.5826917077710532,ts-config-service:0.5657037087783071,ts-payment-service:0.5644763118553865,ts-contacts-service:0.5632312182576268,ts-order-other-service:0.5590563303085399,ts-user-service:0.5514764930683907,ts-auth-service:0.5365288625419533,ts-admin-route-service:0.5359012740598831,ts-seat-service:0.5344121024541657,ts-station-food-service:0.5343577252539056,ts-order-service:0.5223229822137342,ts-route-plan-service:0.5115012765547703,ts-food-delivery-service:0.5092964779380504,ts-notification-service:0.5026642015581513,ts-admin-user-service:0.4864506400215813,ts-preserve-other-service:0.48447570122219963,ts-train-food-service:0.476362014421302,ts-admin-order-service:0.4762207460682589,loadgenerator:0.47598102370923795,ts-admin-basic-info-service:0.4741037235527632,ts-execute-service:0.47044371958876335,ts-travel-plan-service:0.46748576507793116,ts-wait-order-service:0.4654105564848271,ts-preserve-service:0.4647015355012078,:0.45878952024851816,federate:0.4585478010849826,ts-admin-travel-service:0.4545042704042017,ts-food-service:0.44576422899991197,ts-gateway-service:0.4422051029787351,ts-price-service:0.43604212491929306,ts-train-service:0.43237155561313556,ts-voucher-service:0.4320702589752231,ts-consign-price-service:0.42748534944857064,ts-avatar-service:0.4151083377537339,ts-rebook-service:0.3974755716564918,ts-ticket-office-service:0.3947596867937725,mysql:0.3900429785726933,ts-station-service:0.3897021808619011,ts-route-service:0.38218056981564297,ts-verification-code-service:0.36591095509527805,ts-basic-service:0.35633971430194655,ts-delivery-service:0.34864449738381087,ts-news-service:0.34428219480270056,ts-security-service:0.32196829537564176,rabbitmq:0.31681608731997235,ts-travel2-service:0.22052192656072,ts-consign-service:0.07494381467712873
1753267050,ts1-ts-inside-payment-service,28,ts-rebook-service:0.9805178470698754,ts-admin-travel-service:0.9802190566613584,ts-execute-service:0.9801870221215451,ts-admin-order-service:0.9801254457340717,ts-gateway-service:0.9797109589499897,ts-admin-user-service:0.979474772758887,ts-admin-basic-info-service:0.9793611613281,ts-preserve-other-service:0.9790180999850329,ts-cancel-service:0.9784098925026392,ts-food-delivery-service:0.9783782825454206,ts-admin-route-service:0.9771283651068966,ts-wait-order-service:0.9741578813415246,ts-voucher-service:0.9739689959436115,ts-payment-service:0.9737278386786976,ts-assurance-service:0.9716421208228628,ts-avatar-service:0.9714471028124095,ts-station-food-service:0.9710307300454918,ts-config-service:0.9672832810162265,ts-user-service:0.9653352564727438,ts-news-service:0.9647222834056357,ts-price-service:0.9644533681753336,ts-train-food-service:0.9642864534470406,ts-contacts-service:0.9629627675147182,ts-notification-service:0.9619612314506965,ts-consign-service:0.9613550388245835,ts-verification-code-service:0.9610599131733757,ts-train-service:0.9606019760973168,ts-station-service:0.9604410790146163,ts-preserve-service:0.9565328228567126,ts-route-plan-service:0.9552780048616512,ts-security-service:0.9530072844136085,ts-delivery-service:0.9528120628548382,ts-travel-plan-service:0.950557404208949,ts-food-service:0.9447693191559404,ts-consign-price-service:0.9445454354709281,ts-order-other-service:0.9378572417485121,ts-ticket-office-service:0.9363427636783739,ts-route-service:0.9304576428587248,rabbitmq:0.9289220703460794,ts-travel-service:0.9260585315833072,ts-inside-payment-service:0.913005118074534,ts-auth-service:0.8822216299389013,ts-basic-service:0.8730598643125979,ts-seat-service:0.8510243382346532,ts-ui-dashboard:0.8066111322396271,ts-travel2-service:0.8059374254407048,loadgenerator:0.8052299919456816,ts-order-service:0.7878190411084567,mysql:0.7449731026681499,federate:0.7083626316003806,:0.7067006208159263
1753274320,ts2-ts-preserve-service,8,ts-admin-route-service:0.8956395795730349,loadgenerator:0.8954513941082068,ts-wait-order-service:0.8856315969122003,ts-config-service:0.8746397190287378,ts-ui-dashboard:0.8686701445857943,ts-station-service:0.8487803248944228,ts-train-food-service:0.8457775255193277,ts-payment-service:0.821088369164054,ts-admin-user-service:0.8169238657971232,ts-contacts-service:0.8025754834166191,ts-consign-service:0.7995664373782327,ts-admin-basic-info-service:0.7910309569583284,ts-train-service:0.7831760983137608,ts-preserve-other-service:0.7581834132376796,ts-admin-order-service:0.7480133155480613,ts-consign-price-service:0.7399689575309885,ts-gateway-service:0.7370614845329028,ts-route-service:0.732622136677697,ts-route-plan-service:0.7209545925243959,ts-execute-service:0.7114343215549842,ts-preserve-service:0.7079287363595967,ts-station-food-service:0.7049142030739676,ts-voucher-service:0.7044838674832827,ts-admin-travel-service:0.703403119911993,ts-auth-service:0.6942873851860254,:0.6929198279290414,federate:0.6923593245317088,ts-food-delivery-service:0.6834743541013076,ts-travel-service:0.6734985670371512,ts-user-service:0.6625750078425849,ts-cancel-service:0.636236027377592,mysql:0.6237409252239581,rabbitmq:0.6159023777267278,ts-seat-service:0.6102495718986773,ts-rebook-service:0.6049763578103609,ts-food-service:0.5892652953226504,ts-order-service:0.5880004501728677,ts-assurance-service:0.5783481741417587,ts-travel-plan-service:0.5754311576334045,ts-ticket-office-service:0.5693030438331349,ts-news-service:0.5594430312760286,ts-inside-payment-service:0.5422062707882307,ts-verification-code-service:0.5415158738314213,ts-notification-service:0.522993065187136,ts-avatar-service:0.48171616476707657,ts-order-other-service:0.4810779552044729,ts-security-service:0.4567096360016285,ts-travel2-service:0.4033981252571186,ts-basic-service:0.35258179919302113,ts-price-service:0.26313908221361604,ts-delivery-service:0.13773061412326554
1753274370,ts2-ts-preserve-service,8,loadgenerator:0.9356659863725902,ts-wait-order-service:0.9113507299334788,ts-admin-route-service:0.9018622007450333,ts-station-service:0.8721856926374759,ts-config-service:0.8333862733365102,ts-preserve-service:0.8266489046120645,ts-admin-user-service:0.8115867589213788,ts-consign-price-service:0.8109308055522951,ts-route-service:0.7926983134622541,ts-consign-service:0.777985015918349,ts-train-service:0.7704710306986515,ts-ui-dashboard:0.767119501471456,ts-payment-service:0.7616164472312084,ts-contacts-service:0.7570435255203876,ts-admin-basic-info-service:0.7436955110486259,ts-train-food-service:0.7427894095620626,ts-route-plan-service:0.7376685577879548,ts-preserve-other-service:0.7348829745270558,ts-gateway-service:0.7260946149591597,ts-admin-order-service:0.6943255383080003,ts-station-food-service:0.6940449315252126,ts-execute-service:0.6630003957131232,mysql:0.6392018352577129,ts-admin-travel-service:0.637696719749403,:0.637658317731201,federate:0.637053196974867,ts-auth-service:0.6357905891575663,ts-food-delivery-service:0.6341092249792123,ts-assurance-service:0.6226880572471816,ts-verification-code-service:0.616441611187559,ts-travel-service:0.6148481319125936,ts-food-service:0.5873448261964183,ts-notification-service:0.5855963075990861,ts-cancel-service:0.5805445396323006,ts-rebook-service:0.5753857497316283,ts-inside-payment-service:0.5687809077760254,rabbitmq:0.5610535977200812,ts-user-service:0.5558034239742401,ts-voucher-service:0.548106028886344,ts-ticket-office-service:0.5316353016422114,ts-order-other-service:0.5290347308269672,ts-security-service:0.525980692059533,ts-price-service:0.5087284312027213,ts-seat-service:0.4713672373406338,ts-order-service:0.4633978749658161,ts-news-service:0.4458329054018855,ts-avatar-service:0.39745396498705615,ts-travel2-service:0.3787649320458448,ts-basic-service:0.31187398049305404,ts-travel-plan-service:0.27451142184901123,ts-delivery-service:0.22912706534214292
1753274420,ts2-ts-preserve-service,8,loadgenerator:0.9317769859227715,ts-wait-order-service:0.9248745989167878,ts-admin-route-service:0.9221008277806017,ts-station-service:0.8791280314237665,ts-config-service:0.8597206610185443,ts-admin-user-service:0.8404265117777727,ts-payment-service:0.8207966313064547,ts-contacts-service:0.7980201656075137,ts-train-service:0.7921800409803677,ts-admin-basic-info-service:0.7900178535564526,ts-ui-dashboard:0.7877891968218002,ts-preserve-service:0.7849690533052035,ts-consign-price-service:0.7830276564070422,ts-consign-service:0.7797302736745564,ts-gateway-service:0.7795474535234691,ts-preserve-other-service:0.7783302914811062,ts-route-plan-service:0.7739938101583311,ts-train-food-service:0.771646775250072,ts-route-service:0.7703765487162235,ts-admin-order-service:0.7398965524724633,ts-travel-plan-service:0.7342797132834528,ts-execute-service:0.7182353328851423,ts-auth-service:0.7145084657731777,ts-station-food-service:0.7127793384157844,ts-admin-travel-service:0.6932968470519543,ts-food-delivery-service:0.6847233269397873,:0.6797497681090434,federate:0.6793258306392871,ts-assurance-service:0.6780072092476075,ts-travel-service:0.6608016210529563,ts-voucher-service:0.6596522575652023,ts-cancel-service:0.6530858321211329,ts-verification-code-service:0.6496687047715324,mysql:0.6471375800340237,ts-user-service:0.6265987297140769,ts-rebook-service:0.6172018946258404,rabbitmq:0.5902749859895716,ts-security-service:0.5736533167787883,ts-inside-payment-service:0.5598219843199361,ts-seat-service:0.5576256798129732,ts-notification-service:0.5550406521666563,ts-ticket-office-service:0.5355273037520303,ts-food-service:0.5347610284891984,ts-order-other-service:0.5322102141127556,ts-price-service:0.52583766865496,ts-news-service:0.5065992877856758,ts-order-service:0.4870356130629919,ts-avatar-service:0.44464048349744023,ts-travel2-service:0.4113634002823445,ts-basic-service:0.3722698743795102,ts-delivery-service:0.29471104743618715
1753274470,ts2-ts-preserve-service,8,ts-admin-route-service:0.9139841564049622,loadgenerator:0.9082859416902416,ts-wait-order-service:0.9081785215110201,ts-station-service:0.8682659199301808,ts-config-service:0.8605972228537709,ts-train-service:0.8464909861671497,ts-payment-service:0.8323097819028856,ts-route-plan-service:0.8264746814083229,ts-admin-user-service:0.8103751873257943,ts-ui-dashboard:0.808260643810477,ts-train-food-service:0.7919479490717726,ts-admin-basic-info-service:0.7880761930597514,ts-preserve-other-service:0.7787204033642761,ts-gateway-service:0.7670211133666968,ts-contacts-service:0.7642726424063995,ts-travel-plan-service:0.7592842550003318,ts-consign-price-service:0.754447533601448,ts-station-food-service:0.7542041595609884,ts-consign-service:0.7499597944339557,ts-assurance-service:0.7378674677875907,ts-route-service:0.7320680931625763,ts-travel-service:0.728405698433295,ts-execute-service:0.7191456166381526,ts-admin-order-service:0.7148101337527614,ts-auth-service:0.7102711831715319,ts-cancel-service:0.7080191003864317,:0.6896621772316143,federate:0.6889162015193449,ts-verification-code-service:0.6832931728896676,ts-admin-travel-service:0.6752828908070165,ts-voucher-service:0.664108026565086,mysql:0.662437613967251,ts-food-delivery-service:0.6584643669254981,ts-order-other-service:0.63690110810114,ts-user-service:0.6204855731170487,ts-rebook-service:0.6123814024561599,ts-seat-service:0.5961421973127021,ts-inside-payment-service:0.5857617277637703,ts-price-service:0.5798490536307925,ts-security-service:0.5698819651495737,ts-food-service:0.5605110893737872,rabbitmq:0.5485660091403718,ts-ticket-office-service:0.5104702670815542,ts-avatar-service:0.5063479065259109,ts-order-service:0.4970002690682423,ts-news-service:0.4931907155224386,ts-delivery-service:0.49221881050154825,ts-preserve-service:0.46721170380378924,ts-notification-service:0.4390867340668717,ts-basic-service:0.41940378040797294,ts-travel2-service:0.3478149831702727
1753070720,ts2-ts-preserve-service,9,ts-ui-dashboard:0.8843071981907112,ts-auth-service:0.7309454689882477,ts-route-service:0.7105743681682088,ts-news-service:0.7078850676780102,ts-travel2-service:0.6910109527265913,ts-execute-service:0.6631718063143076,ts-train-food-service:0.6605510662964429,ts-admin-order-service:0.6575684921620607,ts-ticket-office-service:0.6505043128912317,ts-basic-service:0.647630047127778,ts-security-service:0.6404595719782773,ts-preserve-service:0.6314553459723724,ts-order-service:0.5984300636291647,ts-user-service:0.5978680839334477,ts-travel-plan-service:0.5749825320734401,ts-food-delivery-service:0.5734158289887378,ts-admin-travel-service:0.5495772249877251,ts-rebook-service:0.5454970604890803,:0.5310679407399399,federate:0.5306495046826383,ts-payment-service:0.5209764325327279,ts-consign-service:0.5161552460413659,ts-assurance-service:0.48951704640620325,ts-wait-order-service:0.4885697950302146,rabbitmq:0.48583444606522824,ts-consign-price-service:0.4816899385478651,ts-config-service:0.45516791771305676,ts-cancel-service:0.44390715811309217,ts-train-service:0.4352573101119488,ts-avatar-service:0.43524311339835187,loadgenerator:0.41931688564225905,ts-station-food-service:0.39349972401909006,ts-travel-service:0.3819256509459215,ts-price-service:0.37224745890697003,ts-preserve-other-service:0.3655600344944915,ts-seat-service:0.3593229289414742,mysql:0.35130335067733,ts-admin-route-service:0.33046027150807233,ts-verification-code-service:0.33007806403901974,ts-admin-basic-info-service:0.3061424169693491,ts-admin-user-service:0.2988246378669908,ts-inside-payment-service:0.2912240814390777,ts-order-other-service:0.2880589934321967,ts-food-service:0.22614218872060343,ts-voucher-service:0.2059569920708944,ts-notification-service:0.20333024459058355,ts-gateway-service:0.19554000715398942,ts-contacts-service:0.18268894547319717,ts-route-plan-service:0.17442545695169442,ts-station-service:0.17412038920156236,ts-delivery-service:0.14312600636096728
1753070770,ts2-ts-preserve-service,9,ts-travel2-service:0.8308995341528764,ts-ui-dashboard:0.8298178906697504,ts-basic-service:0.8268022360664986,ts-consign-price-service:0.8014114386871345,ts-user-service:0.7923231444665645,ts-auth-service:0.7781094733690315,ts-route-service:0.7607162783557588,ts-config-service:0.7549826423057959,ts-consign-service:0.7417613915162156,ts-station-service:0.736655916663588,ts-travel-plan-service:0.7230794762973078,ts-seat-service:0.6954400514167272,ts-food-delivery-service:0.6920785593198052,ts-admin-order-service:0.6886440264563768,ts-ticket-office-service:0.6862736428770102,ts-rebook-service:0.67961523701838,ts-travel-service:0.6763619283463673,ts-wait-order-service:0.6691973190159127,federate:0.6577245698779796,:0.6571337760243309,ts-admin-travel-service:0.6562363059225838,ts-execute-service:0.6505583111865356,ts-assurance-service:0.6456412153281381,ts-train-food-service:0.6406464079973377,loadgenerator:0.6337795422891741,ts-order-service:0.6332872757346495,ts-payment-service:0.6231202458391583,mysql:0.6110267272096646,rabbitmq:0.5940778412488799,ts-train-service:0.5873230406593034,ts-route-plan-service:0.5736971024656897,ts-inside-payment-service:0.5678757248214894,ts-price-service:0.5625361560145786,ts-food-service:0.538205986146424,ts-order-other-service:0.535659430449445,ts-cancel-service:0.5176483629475,ts-preserve-other-service:0.5144736600428194,ts-gateway-service:0.49541445028081516,ts-admin-user-service:0.4927428785980801,ts-news-service:0.48798218284748796,ts-admin-route-service:0.47456771877424114,ts-station-food-service:0.4686356826560658,ts-verification-code-service:0.4591179126265046,ts-admin-basic-info-service:0.457478255209938,ts-avatar-service:0.36865829106826953,ts-preserve-service:0.34139068925742955,ts-contacts-service:0.27572341683504453,ts-notification-service:0.2724689786847243,ts-voucher-service:0.26252413902269817,ts-security-service:0.23022102890210863,ts-delivery-service:0.17056439768008363
1753070820,ts2-ts-preserve-service,9,ts-ui-dashboard:0.9127158773432543,ts-basic-service:0.8860373956180583,ts-user-service:0.8612229108290894,ts-auth-service:0.8595326558016597,ts-consign-price-service:0.8346486332691496,ts-consign-service:0.8291005337156221,ts-route-service:0.8164460783330256,ts-config-service:0.8149441746200315,ts-station-service:0.807097134399283,ts-travel-plan-service:0.7778460592022203,ts-seat-service:0.7538590781578975,ts-admin-order-service:0.7479450001697863,ts-travel-service:0.7457972431123568,ts-ticket-office-service:0.7448653416491948,ts-food-delivery-service:0.7411274183029704,ts-rebook-service:0.7395253636438072,ts-travel2-service:0.7353691473295304,ts-assurance-service:0.7322643855711313,ts-admin-travel-service:0.7187083341141431,federate:0.7151509592130203,:0.7143650195098166,ts-wait-order-service:0.7121651534527972,ts-payment-service:0.7078986273577659,ts-price-service:0.7072644779833661,ts-execute-service:0.692260237541578,loadgenerator:0.6818829737341005,ts-order-service:0.6790181133775476,ts-train-service:0.6780316028048988,ts-train-food-service:0.6767509840792004,ts-order-other-service:0.646950375076445,ts-cancel-service:0.6399075691212011,ts-food-service:0.6325025595199301,mysql:0.6307571033468231,rabbitmq:0.6143300006061327,ts-preserve-service:0.6141339506110509,ts-preserve-other-service:0.6069012041448516,ts-news-service:0.5976867194911136,ts-admin-user-service:0.594077818167531,ts-inside-payment-service:0.5932677949842389,ts-verification-code-service:0.5750154230765117,ts-admin-route-service:0.5558105343875933,ts-admin-basic-info-service:0.5466328469668214,ts-station-food-service:0.5411240768062137,ts-gateway-service:0.5092870920712662,ts-route-plan-service:0.5025537036470196,ts-avatar-service:0.47799965390702115,ts-contacts-service:0.42033521519027306,ts-voucher-service:0.3559710330998025,ts-security-service:0.3301076282550079,ts-notification-service:0.289199928373327,ts-delivery-service:0.21381673072255147
1753070870,ts2-ts-preserve-service,9,ts-ui-dashboard:0.9354122240456723,ts-auth-service:0.8761158418507542,ts-user-service:0.8519224098203516,ts-route-service:0.833995042243949,ts-consign-service:0.8308187456925418,ts-consign-price-service:0.8174507460243035,ts-config-service:0.8114749085719608,ts-contacts-service:0.8101081598322777,ts-station-service:0.7904282610229663,ts-travel-plan-service:0.7796462808228082,ts-travel2-service:0.7544081282255392,ts-admin-order-service:0.7543419199538794,ts-ticket-office-service:0.749020879715178,ts-food-delivery-service:0.7486113189035358,ts-rebook-service:0.733909325246902,ts-seat-service:0.7322234275483133,ts-admin-travel-service:0.7294499092809504,ts-assurance-service:0.7198946565621244,ts-wait-order-service:0.710592390132625,ts-payment-service:0.703333278151377,federate:0.7011978830121852,:0.7002876677338681,ts-execute-service:0.6984379716493126,ts-food-service:0.6925638512966771,ts-train-food-service:0.689726389534327,ts-train-service:0.6761555431317741,ts-price-service:0.6739103521073302,rabbitmq:0.67385897581059,ts-basic-service:0.6737040739403547,ts-travel-service:0.6598168319040816,loadgenerator:0.6550575307337925,ts-order-service:0.650279082267166,ts-cancel-service:0.6319102783217413,ts-order-other-service:0.6173102221844169,mysql:0.6070900722239532,ts-preserve-other-service:0.6023059645181618,ts-inside-payment-service:0.5822029045955754,ts-admin-user-service:0.5814303143838411,ts-verification-code-service:0.5790776136737696,ts-news-service:0.5700438790394481,ts-admin-route-service:0.5436854057021692,ts-station-food-service:0.5434305788682398,ts-admin-basic-info-service:0.5379911651021154,ts-route-plan-service:0.49020953067296213,ts-gateway-service:0.43099933407780844,ts-avatar-service:0.4085530769114828,ts-voucher-service:0.35895934725079937,ts-notification-service:0.3171806270715858,ts-preserve-service:0.29679165607744223,ts-security-service:0.28595499970504373,ts-delivery-service:0.23964513180217495
1752836140,ts3-ts-preserve-service,11,ts-food-service:0.8820615887620762,ts-ui-dashboard:0.8010472804239156,federate:0.7433610074748445,:0.7426222602321118,ts-order-other-service:0.708336793329208,loadgenerator:0.697995549593321,ts-train-service:0.6945307562836902,ts-user-service:0.6629477918408874,mysql:0.6494898981900006,ts-seat-service:0.6395957228708102,ts-inside-payment-service:0.6129633160302055,ts-order-service:0.5724669699221511,ts-auth-service:0.5061638771953537,ts-preserve-service:0.5060029468689957,ts-travel2-service:0.4808754629808203,ts-food-delivery-service:0.4596363436194286,ts-contacts-service:0.45570341495059596,ts-basic-service:0.44371594218965194,ts-consign-service:0.4421990762467449,rabbitmq:0.44009939428255307,ts-route-plan-service:0.43917093977424215,ts-travel-plan-service:0.4390529266959647,ts-avatar-service:0.4342640101791723,ts-train-food-service:0.41898494178707935,ts-consign-price-service:0.4179112374216322,ts-travel-service:0.41138630792491143,ts-preserve-other-service:0.40837011293823033,ts-ticket-office-service:0.40785894621722335,ts-execute-service:0.4062123561145854,ts-route-service:0.40439230067567455,ts-verification-code-service:0.40331739366644737,ts-admin-route-service:0.40258328190703774,ts-payment-service:0.40010788752719945,ts-admin-basic-info-service:0.3990262110746862,ts-admin-travel-service:0.397282522880919,ts-price-service:0.39493168576144255,ts-admin-order-service:0.38784521964930135,ts-config-service:0.3866713034662191,ts-delivery-service:0.3850351788192026,ts-admin-user-service:0.3797421744626198,ts-station-food-service:0.3739097744802913,ts-cancel-service:0.3732999207343765,ts-station-service:0.3687851229531609,ts-wait-order-service:0.36279192654953607,ts-gateway-service:0.36143254620019377,ts-assurance-service:0.3563062662198564,ts-notification-service:0.3546323848534642,ts-news-service:0.35457822109526405,ts-rebook-service:0.35095733139710295,ts-security-service:0.3498354065650249,ts-voucher-service:0.34982593649668137
1752836190,ts3-ts-preserve-service,11,ts-food-service:0.9692176153625613,federate:0.7592995460426023,:0.7590729341363939,mysql:0.7123607335656503,ts-ui-dashboard:0.6781936454156574,ts-preserve-service:0.6246673585655184,ts-travel2-service:0.6016229670040959,loadgenerator:0.5955567214624871,ts-travel-service:0.5887639760886023,ts-inside-payment-service:0.5665253080156517,ts-basic-service:0.5607636777512048,ts-seat-service:0.5434138733534885,ts-order-other-service:0.5417680513775984,ts-user-service:0.5215285653453912,ts-train-service:0.5212052980715095,ts-order-service:0.49453291744836514,ts-consign-price-service:0.4935115130128134,ts-route-service:0.4868423346864921,ts-ticket-office-service:0.46177616819842915,ts-consign-service:0.4523374014863569,ts-food-delivery-service:0.4471841294993827,ts-config-service:0.44292022237781514,ts-preserve-other-service:0.43391966855989306,rabbitmq:0.42383906858950005,ts-auth-service:0.41963497745228756,ts-avatar-service:0.4154838781336897,ts-train-food-service:0.40801814122897195,ts-route-plan-service:0.4051899527788544,ts-payment-service:0.39746764818717323,ts-contacts-service:0.39274059869746225,ts-admin-basic-info-service:0.3819572070633802,ts-cancel-service:0.3753861570855146,ts-admin-route-service:0.37432790060987686,ts-admin-travel-service:0.37424672250160773,ts-execute-service:0.3737946623069768,ts-station-service:0.3680822827785847,ts-notification-service:0.36569296398909035,ts-station-food-service:0.36442397980340635,ts-wait-order-service:0.35555233678249343,ts-verification-code-service:0.3497602326135243,ts-gateway-service:0.3442331404228804,ts-price-service:0.33699473912990013,ts-admin-user-service:0.3346095024795089,ts-admin-order-service:0.3312083834467314,ts-news-service:0.32602015108547366,ts-assurance-service:0.3259719099714774,ts-security-service:0.32534849744356276,ts-voucher-service:0.32166578006373214,ts-rebook-service:0.3164454202857192,ts-delivery-service:0.28685625354011657,ts-travel-plan-service:0.24286456919179236
1752836210,ts3-ts-preserve-service,11,ts-preserve-service:0.6934251469806101,ts-travel-service:0.6934093173220659,loadgenerator:0.6933576526920072,:0.6831116559429391,federate:0.6829417158822586,ts-ui-dashboard:0.6637782602206924,ts-food-service:0.6617828534690551,ts-inside-payment-service:0.6566656198138905,mysql:0.6495388499113242,ts-basic-service:0.6478680377335708,ts-order-other-service:0.6244454711301426,ts-user-service:0.6167282872323309,ts-route-service:0.6127692414971198,rabbitmq:0.6013140035581973,ts-seat-service:0.6001617529345347,ts-consign-price-service:0.5944889192587424,ts-admin-basic-info-service:0.5868244406730172,ts-ticket-office-service:0.5855836720742249,ts-admin-route-service:0.5641291256558696,ts-verification-code-service:0.5574157643774067,ts-food-delivery-service:0.554195720868447,ts-execute-service:0.5538839940005684,ts-config-service:0.5524760312550967,ts-consign-service:0.5514173935229079,ts-price-service:0.5467952405297987,ts-admin-user-service:0.545439103252376,ts-admin-order-service:0.5421825788738779,ts-assurance-service:0.5403464328099044,ts-route-plan-service:0.5399435393822749,ts-news-service:0.5391852489303213,ts-train-service:0.5377053626939094,ts-avatar-service:0.5340337275001462,ts-rebook-service:0.5303160942627734,ts-security-service:0.5281343966432543,ts-auth-service:0.5202930850416192,ts-train-food-service:0.5188861646456578,ts-payment-service:0.5098874801782367,ts-notification-service:0.49138741317100937,ts-admin-travel-service:0.4898399033093141,ts-station-service:0.48301525676747026,ts-order-service:0.4766006697528591,ts-station-food-service:0.47636266644286873,ts-wait-order-service:0.47605247433001596,ts-gateway-service:0.470443145648027,ts-voucher-service:0.4694573123818145,ts-preserve-other-service:0.4620076943348874,ts-contacts-service:0.42726540198025575,ts-travel-plan-service:0.4116656954333524,ts-travel2-service:0.40862139859310986,ts-cancel-service:0.4006719493779749,ts-delivery-service:0.36852475784215893
1752836240,ts3-ts-preserve-service,11,ts-food-service:0.6890278174756792,ts-travel-service:0.6879673145360791,ts-preserve-service:0.6851443439091628,federate:0.6759929066655643,:0.6758673375957555,ts-ui-dashboard:0.6663906364242663,ts-inside-payment-service:0.6643302142837226,ts-basic-service:0.6466848460615675,loadgenerator:0.6448103764931137,mysql:0.6418420065082756,ts-auth-service:0.6253121915642601,ts-user-service:0.6249961862354022,ts-route-service:0.6222644674221826,ts-consign-price-service:0.6104306915959619,ts-order-other-service:0.6052032031950424,ts-seat-service:0.6009368474767653,ts-ticket-office-service:0.5997158207858834,rabbitmq:0.5948852817796286,ts-consign-service:0.5789409073918088,ts-food-delivery-service:0.577287919083753,ts-train-service:0.5713900414816152,ts-admin-basic-info-service:0.5701376486388215,ts-config-service:0.5651420118500368,ts-admin-route-service:0.5619479332518845,ts-route-plan-service:0.5563927055747758,ts-execute-service:0.5557957256462732,ts-order-service:0.5394910802618663,ts-payment-service:0.5371867239238401,ts-train-food-service:0.5356103158427485,ts-verification-code-service:0.533616670600105,ts-admin-user-service:0.5285198305495504,ts-security-service:0.527944059673485,ts-price-service:0.5278768121379773,ts-avatar-service:0.5266068048944665,ts-admin-order-service:0.5250967754496461,ts-assurance-service:0.5176518246665724,ts-news-service:0.5151808159196342,ts-rebook-service:0.5125056141469355,ts-admin-travel-service:0.5098620380517537,ts-preserve-other-service:0.5093065789949862,ts-notification-service:0.5082879125945476,ts-station-service:0.5013466621179077,ts-wait-order-service:0.49455966629007586,ts-station-food-service:0.49418311143770033,ts-gateway-service:0.48277686255714847,ts-contacts-service:0.480585820762911,ts-voucher-service:0.47545102626206415,ts-travel2-service:0.4706102827852698,ts-cancel-service:0.4508722222651209,ts-travel-plan-service:0.4004792106348418,ts-delivery-service:0.39225850882063706
1752836260,ts3-ts-preserve-service,11,ts-food-service:0.8599102907254317,federate:0.6995598238351566,:0.6993748058170579,ts-ui-dashboard:0.6817177035066231,ts-travel-service:0.6608048295456115,ts-inside-payment-service:0.647429872063223,mysql:0.6456547841503731,ts-basic-service:0.6269197091897423,loadgenerator:0.6161854938621936,ts-user-service:0.6041220056017589,ts-auth-service:0.6026822276529651,ts-preserve-service:0.6014322428584302,ts-train-service:0.5929041627877991,ts-route-service:0.5890829557454317,ts-consign-price-service:0.5879729242784806,ts-order-other-service:0.5871372949632159,ts-seat-service:0.57514212425392,ts-ticket-office-service:0.575087479353096,ts-route-plan-service:0.5703042216522188,ts-order-service:0.5676831318365698,ts-consign-service:0.5625462798127088,ts-food-delivery-service:0.561110829002126,ts-config-service:0.5402364129113313,ts-preserve-other-service:0.5309338776292697,rabbitmq:0.5298563575337103,ts-payment-service:0.520205327792699,ts-train-food-service:0.5147601019130353,ts-contacts-service:0.5137781153497973,ts-admin-route-service:0.5032860762699594,ts-execute-service:0.5031460990861536,ts-admin-basic-info-service:0.4994442138885976,ts-travel2-service:0.49739265978908687,ts-avatar-service:0.4927611779429746,ts-admin-travel-service:0.48708361499282715,ts-notification-service:0.48092797869237425,ts-station-food-service:0.4775918382150025,ts-station-service:0.47537517144079805,ts-cancel-service:0.4749427465429147,ts-wait-order-service:0.46945688199599,ts-security-service:0.4645799317842665,ts-verification-code-service:0.4620643919767242,ts-admin-user-service:0.4548609523721908,ts-gateway-service:0.4532637329296957,ts-price-service:0.4517287885664196,ts-admin-order-service:0.4510684544500887,ts-assurance-service:0.4403210600655612,ts-voucher-service:0.43962070394615316,ts-news-service:0.4372939743982719,ts-rebook-service:0.43600142843033446,ts-delivery-service:0.4139452416429523,ts-travel-plan-service:0.3715883908781338
1752836290,ts3-ts-preserve-service,11,ts-food-service:0.8422794284201931,:0.7097742408902799,federate:0.7096565416766772,ts-ui-dashboard:0.699206994926887,loadgenerator:0.6809314494532026,ts-travel-service:0.6707697832156623,mysql:0.6565589346933164,ts-inside-payment-service:0.6481490821915066,ts-basic-service:0.632770608947647,ts-preserve-service:0.6198033259761129,ts-order-other-service:0.6088937481745991,ts-user-service:0.6068397253431929,ts-auth-service:0.5921813585790124,ts-route-service:0.5842887901722584,ts-consign-price-service:0.5757502028023254,ts-seat-service:0.571094805468388,ts-train-service:0.5666622374184427,ts-ticket-office-service:0.563822238632208,ts-route-plan-service:0.5538276839614967,rabbitmq:0.5464279008396482,ts-food-delivery-service:0.5418683601943846,ts-consign-service:0.5382939643848977,ts-config-service:0.5308931076720091,ts-admin-basic-info-service:0.5209577395173876,ts-admin-route-service:0.5113791054560256,ts-order-service:0.5067236060497102,ts-execute-service:0.5051965886072394,ts-train-food-service:0.5040496343306093,ts-avatar-service:0.5010410753111023,ts-payment-service:0.4994558871686021,ts-verification-code-service:0.48999033464359165,ts-preserve-other-service:0.4883434785834247,ts-admin-user-service:0.4758830477241003,ts-price-service:0.4742691182827684,ts-admin-order-service:0.47236838368882567,ts-admin-travel-service:0.4706921826676135,ts-security-service:0.4703358108582525,ts-notification-service:0.46951771047064117,ts-assurance-service:0.46681552305960994,ts-news-service:0.46431692383135614,ts-contacts-service:0.4624375243667783,ts-station-food-service:0.4622525153602105,ts-travel-plan-service:0.4603566662673491,ts-rebook-service:0.45935998634263353,ts-station-service:0.4575862355886732,ts-wait-order-service:0.45562872108945335,ts-gateway-service:0.4445133905728088,ts-travel2-service:0.43765524724848515,ts-voucher-service:0.43603047493368785,ts-cancel-service:0.42898835519754913,ts-delivery-service:0.3940254866305052
1752761540,ts3-ts-preserve-service,11,ts-food-service:0.9873884380930964,ts-ui-dashboard:0.9147874025626158,federate:0.8198611401113937,:0.8190956353282537,ts-order-other-service:0.8061195081993193,ts-user-service:0.7396237656848607,ts-inside-payment-service:0.72746143684426,mysql:0.7261296957909262,ts-train-service:0.7190741190784148,ts-auth-service:0.7187068859193525,ts-avatar-service:0.7153379015623078,loadgenerator:0.6335325772340425,ts-order-service:0.6147404159638349,ts-route-service:0.6119874371451914,ts-travel-plan-service:0.6104935042314975,ts-consign-price-service:0.5737111468183647,ts-consign-service:0.5604152878222133,ts-ticket-office-service:0.5536587454460228,ts-config-service:0.5524374177160762,ts-basic-service:0.5523793528137647,ts-seat-service:0.550547375454318,ts-verification-code-service:0.5473533203992678,ts-travel-service:0.536237080233179,ts-rebook-service:0.5301684011648686,ts-travel2-service:0.5275245219228779,ts-gateway-service:0.5218717082650964,ts-train-food-service:0.5134825274124605,ts-news-service:0.5064425699365123,ts-price-service:0.5049780957671979,ts-assurance-service:0.5017710850926467,ts-admin-user-service:0.49796196567390527,ts-preserve-other-service:0.49097409860163455,ts-route-plan-service:0.4903626452541118,ts-admin-basic-info-service:0.48405289868704937,ts-food-delivery-service:0.4839744002961247,ts-admin-travel-service:0.4760462369100275,ts-station-food-service:0.4737167182318056,ts-payment-service:0.47251021853332364,ts-wait-order-service:0.47224337092863167,ts-admin-route-service:0.4627208011912587,ts-cancel-service:0.4626879811222454,ts-station-service:0.4594312575628102,rabbitmq:0.4492919783280701,ts-preserve-service:0.44598623426414863,ts-contacts-service:0.44200182073182903,ts-execute-service:0.43922550547468403,ts-admin-order-service:0.4268172203186191,ts-notification-service:0.38869934594408084,ts-delivery-service:0.3138506923545025,ts-security-service:0.28070910106766256,ts-voucher-service:0.2727983253653205
1752761590,ts3-ts-preserve-service,11,ts-ui-dashboard:0.9795948698161105,ts-food-service:0.9782503102578284,ts-seat-service:0.9655156142787205,ts-user-service:0.9616914410295393,ts-basic-service:0.9579307108575067,ts-train-service:0.9351510121862885,ts-order-other-service:0.9246820090367095,ts-route-service:0.9234978067795704,ts-travel-service:0.921022507805238,ts-consign-service:0.9150355368717101,ts-auth-service:0.910346232557098,ts-travel-plan-service:0.909651681983891,ts-consign-price-service:0.9077292655356821,ts-config-service:0.904387541485018,ts-route-plan-service:0.8996989730245779,ts-train-food-service:0.8957080822709418,ts-ticket-office-service:0.8890014915563536,ts-order-service:0.8766861370175977,ts-admin-user-service:0.8730910872209213,ts-price-service:0.8707126679102467,ts-inside-payment-service:0.8687205423158871,ts-food-delivery-service:0.86832278527431,ts-payment-service:0.866516812188179,ts-admin-travel-service:0.8648278599456178,ts-news-service:0.8634128361029765,ts-station-service:0.8632193743663552,ts-wait-order-service:0.8622796428818053,ts-assurance-service:0.857020592260189,ts-admin-route-service:0.8564105170235256,ts-cancel-service:0.8513898372280785,ts-admin-basic-info-service:0.8513349365838379,ts-preserve-other-service:0.848359790499221,ts-admin-order-service:0.842995460707027,ts-execute-service:0.8428555539684905,ts-rebook-service:0.8402577897038024,ts-gateway-service:0.8354491885357526,ts-travel2-service:0.8339713304960313,ts-contacts-service:0.8108696460090179,ts-verification-code-service:0.8009997494082485,ts-station-food-service:0.7960234495915441,ts-preserve-service:0.7845006776084162,ts-notification-service:0.7787254744052494,ts-avatar-service:0.7696500254418915,ts-security-service:0.7310669886198672,ts-delivery-service:0.6435998320667426,loadgenerator:0.6314752676826231,federate:0.5714971554495314,:0.5705893953698844,rabbitmq:0.5277718020092381,mysql:0.4791194004919319,ts-voucher-service:0.4468301595006079
1752761640,ts3-ts-preserve-service,11,ts-food-service:0.9450331875091199,ts-ui-dashboard:0.9248185178624669,federate:0.8103396291769679,:0.8095595174442253,ts-order-other-service:0.7918405010556732,loadgenerator:0.7585641739784804,ts-user-service:0.7583413450679779,ts-auth-service:0.7126918838807923,ts-train-service:0.7004483539684366,mysql:0.6784594679849498,ts-avatar-service:0.6658220992882081,ts-inside-payment-service:0.6558039031914578,ts-route-service:0.6386149396566829,ts-travel-plan-service:0.6000063297838316,ts-config-service:0.5756978712978716,ts-seat-service:0.5710208746252315,ts-consign-price-service:0.5644946107167157,ts-order-service:0.5593907619065482,ts-consign-service:0.5568590433933578,ts-verification-code-service:0.545936500457111,ts-travel-service:0.5367614953977856,ts-ticket-office-service:0.5349221792228749,ts-travel2-service:0.5319612392213428,ts-train-food-service:0.5290954623514965,ts-basic-service:0.5252113285787683,ts-rebook-service:0.5104584284551608,ts-route-plan-service:0.5075966403858023,ts-gateway-service:0.5071483588876109,ts-news-service:0.5071238878955319,ts-price-service:0.506852522716403,ts-assurance-service:0.5031700605557212,ts-admin-user-service:0.49107711742523286,ts-contacts-service:0.4849782143868854,ts-food-delivery-service:0.4817936343109014,ts-preserve-other-service:0.48010734224287394,ts-payment-service:0.47661138638213474,ts-admin-basic-info-service:0.4754963330020112,ts-preserve-service:0.472512507443809,ts-admin-travel-service:0.4721150017433411,ts-station-food-service:0.47198719161388564,ts-wait-order-service:0.47183842038067947,ts-station-service:0.46064363663601987,ts-admin-route-service:0.4604410841298312,ts-cancel-service:0.4566529851818803,ts-execute-service:0.4362438759339806,rabbitmq:0.43152930850043825,ts-admin-order-service:0.425153188951197,ts-delivery-service:0.41763749603699707,ts-security-service:0.40473553801876583,ts-notification-service:0.4018478642789697,ts-voucher-service:0.2645318102894867
1752761690,ts3-ts-preserve-service,11,ts-food-service:0.9853620645304326,ts-basic-service:0.9461295334247215,ts-ui-dashboard:0.9271678399694457,federate:0.8144086975737798,:0.814045534149437,ts-order-other-service:0.8002933492493205,ts-user-service:0.7441252854886186,ts-train-service:0.7355473324962104,mysql:0.675791338600247,ts-avatar-service:0.6731234621863186,ts-inside-payment-service:0.6579168171312788,loadgenerator:0.6561053791247461,ts-auth-service:0.6443373519855417,ts-route-service:0.5903915164522766,ts-order-service:0.5741289028482397,ts-travel-plan-service:0.5724126331538564,ts-consign-price-service:0.5648949945967938,ts-travel-service:0.5555498405227154,ts-seat-service:0.5514757346352672,ts-consign-service:0.539587394664264,ts-config-service:0.5296552378833767,ts-ticket-office-service:0.5146938787425202,ts-train-food-service:0.5107058517779428,ts-verification-code-service:0.5068303386866101,ts-gateway-service:0.49717433507212594,ts-rebook-service:0.49235194808087474,ts-news-service:0.4911843109079945,ts-travel2-service:0.49021947349465,ts-price-service:0.4829647419494115,ts-assurance-service:0.4775183010294417,ts-contacts-service:0.47201859308861405,ts-admin-user-service:0.47186565510602924,ts-route-plan-service:0.47137389027745774,ts-preserve-other-service:0.4614812636802431,ts-food-delivery-service:0.46070581313302866,ts-payment-service:0.45472309270696604,ts-admin-travel-service:0.45461896755180975,ts-admin-basic-info-service:0.45061084759139003,ts-wait-order-service:0.45044130956615613,ts-admin-route-service:0.441752581743077,ts-station-service:0.4345847017268981,ts-cancel-service:0.4331895743954293,ts-station-food-service:0.4286077024746464,ts-execute-service:0.4138526801630005,rabbitmq:0.4080907914891081,ts-admin-order-service:0.4005995741681393,ts-notification-service:0.3608301079513,ts-delivery-service:0.33407315286708206,ts-security-service:0.33272893130443326,ts-preserve-service:0.2863597154750118,ts-voucher-service:0.2602950466861649
1752914360,ts1-ts-preserve-service,7,ts-price-service:0.961186254595318,ts-assurance-service:0.9585598454473493,ts-wait-order-service:0.9553508496763281,ts-verification-code-service:0.9537180482352063,ts-preserve-other-service:0.9527625037844449,ts-voucher-service:0.9472996656234074,rabbitmq:0.9427285436684323,ts-route-service:0.9382391282874325,ts-delivery-service:0.932408481557001,ts-train-service:0.9263591537709617,ts-ui-dashboard:0.9262505940067809,ts-station-food-service:0.9252771114922895,mysql:0.9226868932797151,ts-avatar-service:0.9220021608390926,ts-config-service:0.9128490193988258,ts-news-service:0.9111385900226333,ts-execute-service:0.8946460892687864,ts-food-delivery-service:0.88315807224936,ts-admin-basic-info-service:0.8769489483295043,ts-admin-user-service:0.8675220868356027,ts-basic-service:0.8637784209402051,ts-admin-order-service:0.8618043922121803,ts-order-other-service:0.86148264487047,ts-admin-travel-service:0.8593149742077552,ts-admin-route-service:0.8587543186344733,ts-ticket-office-service:0.7977504710694442,ts-route-plan-service:0.5490203911416018,ts-preserve-service:0.49881119404648466,ts-auth-service:0.4890557731968074,loadgenerator:0.44283446153498396,ts-train-food-service:0.42434798397661133,ts-consign-service:0.42161021697003603,ts-station-service:0.41928182333697295,ts-seat-service:0.4144166880179766,ts-payment-service:0.41024729122640535,ts-food-service:0.40148638919291985,ts-consign-price-service:0.3929088551655082,ts-travel-plan-service:0.39085467234216864,ts-travel-service:0.3891556935202225,ts-contacts-service:0.3837965319047389,ts-notification-service:0.3748560116371983,ts-order-service:0.363978959613793,ts-inside-payment-service:0.3620660057892556,ts-travel2-service:0.35897846304271097,ts-security-service:0.351802328826586,ts-rebook-service:0.35127230193921916,ts-cancel-service:0.3427275359527238,ts-user-service:0.33125780317061604,ts-gateway-service:0.30737162093979775,federate:0.2628734237519118,:0.2623973089587545
1752914410,ts1-ts-preserve-service,7,ts-preserve-other-service:0.9766357218921176,ts-wait-order-service:0.9737898916959354,ts-station-food-service:0.9712578350372764,ts-assurance-service:0.9712257712728684,ts-price-service:0.9699658073837422,ts-verification-code-service:0.9689516104293651,ts-voucher-service:0.9663513529078203,ts-route-service:0.9656862686814423,ts-train-service:0.9626095993111757,ts-config-service:0.9616707208657758,ts-news-service:0.9571964928217201,ts-delivery-service:0.9532315526749959,ts-execute-service:0.9522587688265917,ts-food-delivery-service:0.9457872934967513,ts-admin-basic-info-service:0.9452113300323886,ts-ui-dashboard:0.9392350837169459,ts-avatar-service:0.9386981326360623,ts-admin-user-service:0.9377334512203741,ts-admin-order-service:0.9338913184623762,ts-admin-route-service:0.9319473089107496,ts-admin-travel-service:0.9297555355377909,rabbitmq:0.9128204482741846,ts-basic-service:0.8996231816733495,ts-order-other-service:0.8934137619846609,ts-ticket-office-service:0.8744987922648704,mysql:0.8509500412980263,ts-preserve-service:0.6606861150821983,ts-auth-service:0.6066369538914398,ts-route-plan-service:0.5707649271420694,ts-train-food-service:0.559273597492968,ts-payment-service:0.5580380874096297,ts-consign-service:0.5458682255124643,ts-station-service:0.5450195313881421,ts-seat-service:0.5381721194685399,ts-food-service:0.5313341527969802,ts-contacts-service:0.5244227054848698,ts-travel-plan-service:0.5227991297394571,ts-gateway-service:0.5148299139923268,ts-consign-price-service:0.5103155403055638,ts-travel-service:0.5038460054850663,ts-notification-service:0.5030841339852327,ts-rebook-service:0.5000671523239941,ts-user-service:0.49996036492611096,loadgenerator:0.49289030411533297,ts-security-service:0.49159241431652795,ts-cancel-service:0.48913798990826984,ts-travel2-service:0.4814684093011732,ts-order-service:0.4610308652931351,ts-inside-payment-service:0.46083483161738176,federate:0.2393215191083467,:0.2388735124920241
1752914460,ts1-ts-preserve-service,7,ts-preserve-other-service:0.973887533470229,ts-assurance-service:0.9709224070563289,ts-wait-order-service:0.9707089697374018,ts-station-food-service:0.968545015445651,ts-route-service:0.9656149707149775,ts-price-service:0.9646666493750216,ts-verification-code-service:0.9643713156494946,ts-voucher-service:0.9631916757334094,ts-train-service:0.962035349547306,ts-config-service:0.9575877762745262,ts-news-service:0.952555938745553,ts-delivery-service:0.9521074370442857,ts-execute-service:0.9496637900936906,ts-food-delivery-service:0.9456224734786103,ts-admin-basic-info-service:0.9443174960982461,ts-admin-user-service:0.9365913053425281,ts-admin-order-service:0.9342052945646084,ts-avatar-service:0.9336739559247672,ts-admin-route-service:0.9326128830307411,ts-ui-dashboard:0.9308752870814465,ts-admin-travel-service:0.9301260724378344,rabbitmq:0.9068229947171637,ts-basic-service:0.8928258076325188,ts-order-other-service:0.8856752498598484,ts-ticket-office-service:0.8720629487779619,mysql:0.8416970628562418,ts-preserve-service:0.6790343604705831,ts-route-plan-service:0.6668560161268315,ts-auth-service:0.6056265098590126,ts-train-food-service:0.5672460904787986,ts-payment-service:0.5610317572316023,ts-station-service:0.5504843623577704,ts-seat-service:0.5450477395868223,ts-food-service:0.5402426481374636,ts-consign-service:0.5343227749884489,ts-travel-plan-service:0.5328671472602498,ts-contacts-service:0.5274301946296474,ts-gateway-service:0.5219172146895896,ts-consign-price-service:0.5133637554343642,ts-notification-service:0.5088421628265316,ts-travel-service:0.5079606303219409,ts-user-service:0.5061678985370418,ts-rebook-service:0.5057226121846924,ts-security-service:0.49749910109591605,ts-travel2-service:0.4886126058258692,loadgenerator:0.48355340265564445,ts-order-service:0.4684507905829606,ts-inside-payment-service:0.46703368897397357,ts-cancel-service:0.45958242046733444,federate:0.230664419420408,:0.23031027718621427
1753335720,ts1-ts-preserve-service,8,ts-delivery-service:0.7764480805096595,ts-notification-service:0.724920452376518,ts-train-service:0.712666381869328,ts-contacts-service:0.6659469988784796,ts-config-service:0.6607468317525333,ts-ui-dashboard:0.6590167330572398,loadgenerator:0.6479669944603317,ts-admin-route-service:0.6425427255479538,ts-assurance-service:0.6194763756934913,ts-payment-service:0.6084745742787872,ts-admin-user-service:0.6072509063920196,ts-cancel-service:0.5971765781698046,ts-travel-service:0.594692234107208,ts-preserve-other-service:0.5911969759610306,ts-execute-service:0.588494957438426,ts-user-service:0.5832546595757326,ts-station-food-service:0.5774012824217322,ts-admin-basic-info-service:0.576510209474216,ts-admin-travel-service:0.5616107063448794,ts-admin-order-service:0.5581807773166235,ts-station-service:0.5227978144860216,ts-auth-service:0.4962293324509188,ts-food-delivery-service:0.49593495804412313,ts-route-service:0.4905363038688173,ts-food-service:0.46736403969772167,ts-consign-service:0.46063545865837424,ts-order-other-service:0.4581451344103963,ts-train-food-service:0.45656502754981954,ts-rebook-service:0.45215817555781174,ts-avatar-service:0.45104168064376454,:0.44518363219042034,federate:0.44506731747909367,ts-order-service:0.431755865173763,ts-consign-price-service:0.42510965288226266,ts-route-plan-service:0.41741772558607254,ts-seat-service:0.4169420395555151,ts-price-service:0.4006374480809438,ts-verification-code-service:0.3935915206749773,ts-ticket-office-service:0.39353333328101237,rabbitmq:0.391047997455073,mysql:0.3882133584784516,ts-travel-plan-service:0.3848995908604814,ts-news-service:0.383356536229076,ts-preserve-service:0.37637710769764127,ts-security-service:0.3718805791349427,ts-wait-order-service:0.3592186450140886,ts-inside-payment-service:0.3438219027419511,ts-voucher-service:0.3341491770016405,ts-travel2-service:0.3141608403197188,ts-gateway-service:0.2370443142829861,ts-basic-service:0.20359175455481698
1753335770,ts1-ts-preserve-service,8,ts-notification-service:0.9611190358024668,ts-delivery-service:0.957029989576362,ts-order-other-service:0.3975023668843284,loadgenerator:0.3675488380388121,ts-payment-service:0.3673571070190297,ts-train-food-service:0.36641305147344894,ts-config-service:0.3612630982607719,ts-food-service:0.3575462970337434,ts-contacts-service:0.3569854706780594,ts-train-service:0.35696603240700087,ts-user-service:0.34730556784347877,ts-admin-travel-service:0.3417755324602395,ts-food-delivery-service:0.3334992952527928,ts-admin-route-service:0.32975100459265233,ts-preserve-other-service:0.3268066896621312,ts-ui-dashboard:0.3193576580776743,ts-cancel-service:0.31883882184191364,ts-wait-order-service:0.3176128677096196,ts-admin-user-service:0.3174810208516694,ts-admin-basic-info-service:0.315106972162845,ts-admin-order-service:0.3112667214580446,ts-station-service:0.3109184090970955,ts-travel-service:0.3003733057338632,ts-security-service:0.29957482052349504,ts-execute-service:0.2978220179160697,ts-station-food-service:0.29752132420058697,ts-route-service:0.29345086109324886,ts-assurance-service:0.2929887833540304,ts-consign-service:0.27371218447654033,ts-route-plan-service:0.27093228615148435,ts-rebook-service:0.26665683687372044,ts-auth-service:0.26058682549815676,ts-order-service:0.2569044673749631,ts-avatar-service:0.2529435696438855,ts-gateway-service:0.24759100462180747,rabbitmq:0.24201646887166106,ts-consign-price-service:0.22886038628659242,ts-travel-plan-service:0.22509995597463228,ts-verification-code-service:0.22489126867428483,ts-news-service:0.22058136861152772,ts-preserve-service:0.21604503869189534,ts-ticket-office-service:0.20779911132392925,:0.19538703624038384,federate:0.1952508131967528,ts-seat-service:0.18915915530450705,ts-inside-payment-service:0.1820642335824175,mysql:0.17761013479969245,ts-voucher-service:0.17414055146966778,ts-price-service:0.16949010210344248,ts-travel2-service:0.1393158611446757,ts-basic-service:0.06513657287655324
1753335820,ts1-ts-preserve-service,8,ts-notification-service:0.9470862582334804,ts-delivery-service:0.942206281710017,ts-payment-service:0.43450470271840674,ts-config-service:0.4316863842460645,ts-train-food-service:0.4305213780000926,loadgenerator:0.4256427331625517,ts-contacts-service:0.422766928288838,ts-train-service:0.41973863508635606,ts-admin-travel-service:0.4019888587902951,ts-user-service:0.3973190407517805,ts-food-service:0.39033228327727987,ts-food-delivery-service:0.3887718482432309,ts-admin-route-service:0.38815764770614647,ts-preserve-other-service:0.3876418422907483,ts-station-service:0.3801184676570954,ts-wait-order-service:0.3720062012260381,ts-admin-basic-info-service:0.37104123140818435,ts-cancel-service:0.37069047480897377,ts-admin-user-service:0.36961944204418207,ts-route-service:0.35203973382098497,ts-admin-order-service:0.35202723126869934,ts-travel-service:0.3509642434305214,ts-assurance-service:0.3505538705510985,ts-execute-service:0.3411938004901564,ts-station-food-service:0.33883949444430317,ts-order-other-service:0.32855223422965807,ts-route-plan-service:0.3230837312671021,ts-security-service:0.3229204576605064,ts-auth-service:0.31051305608505225,ts-consign-service:0.3096682607910648,ts-avatar-service:0.29744460196379974,ts-rebook-service:0.2958528067931814,ts-order-service:0.29294124099331564,ts-gateway-service:0.2810957068902369,ts-travel-plan-service:0.2696204588454817,ts-consign-price-service:0.2658073148329448,ts-preserve-service:0.252611013668835,rabbitmq:0.25058621108263,ts-verification-code-service:0.24096276587059504,ts-news-service:0.24072392261992814,ts-seat-service:0.23825165633694811,ts-ticket-office-service:0.22993747319397462,ts-ui-dashboard:0.2255191598363072,:0.22387542831863705,federate:0.22359045053466872,ts-inside-payment-service:0.21350906162297845,mysql:0.2041111717075782,ts-price-service:0.19783979354633527,ts-voucher-service:0.1955156349532964,ts-travel2-service:0.15621173701414254,ts-basic-service:0.06506583685253563
1753335870,ts1-ts-preserve-service,8,ts-preserve-other-service:0.9169470327079219,ts-admin-user-service:0.9100936562754811,ts-admin-basic-info-service:0.904821423463949,ts-payment-service:0.884522896608284,ts-admin-route-service:0.8786447779196991,ts-avatar-service:0.8772463088939186,ts-route-service:0.8769523231099348,ts-station-service:0.8699908382751,ts-train-food-service:0.8673318647293495,loadgenerator:0.8653572320298796,ts-cancel-service:0.8649493932381765,ts-food-delivery-service:0.8587062927360838,ts-admin-travel-service:0.8573889470849979,ts-train-service:0.8502889139200451,ts-ui-dashboard:0.8498300223196672,ts-execute-service:0.8377654071519689,ts-wait-order-service:0.8306258431809891,ts-security-service:0.826241947235848,ts-gateway-service:0.8126183156486901,ts-contacts-service:0.8067639090949141,ts-admin-order-service:0.8004924318900162,ts-price-service:0.7969527927735942,ts-travel-plan-service:0.7964806329174041,ts-station-food-service:0.795271161918282,ts-auth-service:0.7877659622071941,ts-preserve-service:0.7807464071925465,ts-consign-price-service:0.7666778928209053,ts-consign-service:0.7650999803080112,ts-order-other-service:0.7640627397692372,ts-config-service:0.7522987317757828,ts-verification-code-service:0.7439818474616291,ts-assurance-service:0.7384563760429348,mysql:0.7201958106466892,ts-rebook-service:0.6947336303154448,:0.6807397068801775,federate:0.680236041100693,ts-voucher-service:0.6658149915447311,ts-route-plan-service:0.65780486977379,ts-inside-payment-service:0.6556293000997275,ts-ticket-office-service:0.6459395860890491,ts-seat-service:0.640796265679052,ts-food-service:0.6371128191841714,ts-travel-service:0.6269822090158877,rabbitmq:0.623062305047027,ts-user-service:0.6201703157654893,ts-basic-service:0.5523883606853033,ts-notification-service:0.5206546277463848,ts-news-service:0.5090119397178293,ts-order-service:0.45664782577851326,ts-travel2-service:0.42896697533323924,ts-delivery-service:0.40754983611422624
1753349690,ts3-ts-food-service,9,ts-food-service:0.8808108409583696,ts-travel-service:0.6735770820292046,ts-route-service:0.6699343606775521,ts-gateway-service:0.6273326318441135,loadgenerator:0.5490467114487356,ts-travel2-service:0.5303963844610405,ts-station-service:0.5268711049365014,ts-consign-price-service:0.5179467152414974,ts-train-service:0.5042788673792988,ts-travel-plan-service:0.5027885211498594,ts-wait-order-service:0.50130442183997,ts-admin-user-service:0.49918992785245375,ts-config-service:0.4852032463213432,ts-security-service:0.4818937327452519,ts-train-food-service:0.4811426873823358,ts-cancel-service:0.4735937196030342,ts-auth-service:0.4710342960379478,ts-route-plan-service:0.47005918994516893,ts-payment-service:0.4662972455287986,ts-preserve-other-service:0.46367136442128254,ts-admin-basic-info-service:0.45510183611784427,ts-ui-dashboard:0.45410484490433767,ts-rebook-service:0.45074779944615123,ts-inside-payment-service:0.4485662442894479,federate:0.4449904809362975,:0.4447358848341125,ts-consign-service:0.44007553780389375,ts-news-service:0.4388180865265975,ts-assurance-service:0.4347980565613354,ts-price-service:0.4339413402573028,ts-contacts-service:0.43039447537380265,mysql:0.42117423412253696,ts-admin-travel-service:0.41751883511901844,ts-execute-service:0.40734861901709235,ts-verification-code-service:0.4020087100449422,ts-order-other-service:0.3889537216128782,ts-seat-service:0.38548792912276797,ts-admin-route-service:0.38067442982466393,ts-preserve-service:0.3708001049459788,ts-user-service:0.3646746230349911,ts-food-delivery-service:0.36379232359847685,ts-basic-service:0.3506073898951436,ts-station-food-service:0.34226810430646576,rabbitmq:0.34000452703901596,ts-ticket-office-service:0.33501424053486195,ts-admin-order-service:0.3304755839274919,ts-order-service:0.2881603363064966,ts-voucher-service:0.24582856078441864,ts-avatar-service:0.20933290361200899,ts-delivery-service:0.12640629299283185,ts-notification-service:0.048262157791156404
1753349740,ts3-ts-food-service,9,loadgenerator:0.8672744678397519,ts-seat-service:0.8335692332618394,ts-station-service:0.8309065572115826,ts-admin-user-service:0.7946912063386207,ts-travel2-service:0.7927455058990747,ts-contacts-service:0.7830019212844456,ts-consign-price-service:0.7758171957979485,ts-route-service:0.775290721590288,ts-wait-order-service:0.7706453086152534,:0.7675928422137268,federate:0.7673380898797951,ts-cancel-service:0.7568529616650596,ts-config-service:0.7563019118874108,ts-consign-service:0.7446337463041814,ts-payment-service:0.7409841252904161,ts-food-service:0.7401949491179967,ts-admin-basic-info-service:0.7364117411745306,ts-preserve-other-service:0.7237457571164727,ts-auth-service:0.723727192156457,ts-inside-payment-service:0.7189942638238909,ts-rebook-service:0.7123722921766701,ts-security-service:0.7110542560802714,ts-execute-service:0.7107590645696722,ts-train-service:0.7063615141006048,ts-food-delivery-service:0.7027788090665852,ts-assurance-service:0.6973686906557172,ts-ui-dashboard:0.696381502019058,mysql:0.6860153242082345,ts-news-service:0.6852463125822179,ts-price-service:0.682619688073594,ts-admin-travel-service:0.6707603824371885,ts-admin-route-service:0.6635328127451816,ts-gateway-service:0.6319478537089724,ts-admin-order-service:0.6140843698904267,ts-preserve-service:0.5996348328219084,ts-train-food-service:0.5925718445834741,ts-user-service:0.585394341190669,ts-verification-code-service:0.5830434123892455,ts-station-food-service:0.5645821398878321,ts-route-plan-service:0.5373428703882602,ts-travel-service:0.5362975969053725,ts-order-other-service:0.5323600347881248,ts-travel-plan-service:0.5273068154678852,ts-ticket-office-service:0.524674369333852,rabbitmq:0.5182831344550718,ts-voucher-service:0.4141532305763789,ts-order-service:0.4118314031918138,ts-basic-service:0.3807381076722596,ts-avatar-service:0.3805392199105279,ts-delivery-service:0.1474148414987018,ts-notification-service:0.08599658527283087
1753349790,ts3-ts-food-service,9,ts-train-service:0.9109591391633955,ts-config-service:0.9105848250108391,ts-user-service:0.8943728738947649,ts-travel-service:0.8938726588583427,ts-ui-dashboard:0.880705382779047,ts-seat-service:0.8583784437105304,ts-route-plan-service:0.8222450419582897,ts-consign-service:0.8108895872742853,ts-assurance-service:0.8033898074459311,ts-auth-service:0.7984994079179049,ts-payment-service:0.7937032715090967,ts-contacts-service:0.7791055363164923,loadgenerator:0.7724902514638847,ts-station-food-service:0.7619681269965287,ts-inside-payment-service:0.7561075344083268,ts-admin-route-service:0.7535448758274048,:0.7526125799972638,federate:0.7523642742650536,ts-order-other-service:0.7474883382459068,ts-food-service:0.7221467813190399,ts-preserve-service:0.70921230573463,ts-preserve-other-service:0.7004825739524078,ts-cancel-service:0.6830103000592241,ts-admin-basic-info-service:0.6812694750465864,ts-security-service:0.6760034700646265,ts-admin-user-service:0.6759616990555128,ts-station-service:0.647269704652246,ts-price-service:0.6437323974785365,ts-admin-travel-service:0.6333297290243933,ts-consign-price-service:0.6310315890309572,ts-rebook-service:0.6282386802337193,ts-route-service:0.6188117265601577,mysql:0.611125583342545,ts-food-delivery-service:0.6081472307069777,ts-wait-order-service:0.5982671814407758,ts-verification-code-service:0.5718072468795365,ts-execute-service:0.5621943284711628,ts-news-service:0.5591424095649962,ts-travel-plan-service:0.5455542178916535,ts-gateway-service:0.5347961106570015,ts-voucher-service:0.5099872258015344,ts-train-food-service:0.5083838326036094,ts-avatar-service:0.4963221913471988,ts-ticket-office-service:0.4840960973978962,ts-admin-order-service:0.47277833418716164,ts-order-service:0.40715041772874977,ts-basic-service:0.3874614474480084,ts-travel2-service:0.38417756909471745,rabbitmq:0.3493203348881471,ts-delivery-service:0.22884685109105604,ts-notification-service:0.13414272134500443
1753349840,ts3-ts-food-service,9,ts-ui-dashboard:0.9108672247029637,ts-preserve-service:0.902588958431503,ts-consign-price-service:0.8627804389244436,:0.8459919185074328,loadgenerator:0.845384796822428,federate:0.8453549054372371,ts-station-service:0.8429943781851313,ts-inside-payment-service:0.834919984291508,ts-order-other-service:0.8325999565705121,ts-price-service:0.8282860715600194,ts-route-service:0.826065618892669,ts-admin-user-service:0.8087299837728963,ts-train-service:0.8013379584518439,ts-cancel-service:0.8008348625938625,ts-preserve-other-service:0.7940786491057485,ts-assurance-service:0.7904495009815538,ts-admin-basic-info-service:0.7774713193476375,ts-rebook-service:0.7681867910599381,ts-config-service:0.7630116774877108,ts-seat-service:0.75407204244227,ts-wait-order-service:0.7487660272505066,ts-admin-route-service:0.7406372197664324,ts-payment-service:0.7330024670077239,ts-user-service:0.7257770592225946,ts-contacts-service:0.7249435170350712,ts-auth-service:0.7242634928245,ts-food-delivery-service:0.7241588549991911,ts-consign-service:0.7069344603184431,ts-execute-service:0.6967662855609065,mysql:0.6948691716507887,ts-verification-code-service:0.6880822131844492,ts-news-service:0.68745240314233,ts-station-food-service:0.6763023878952932,ts-admin-travel-service:0.675916729580132,ts-security-service:0.6738174733775606,ts-food-service:0.6707542804134987,ts-train-food-service:0.6699122498978266,ts-route-plan-service:0.6620259462909466,ts-gateway-service:0.6547954447365432,ts-basic-service:0.6494596648626196,ts-travel-plan-service:0.6314333327039267,ts-admin-order-service:0.5948398514302442,ts-travel-service:0.5920566248817134,ts-ticket-office-service:0.5336271610650362,ts-voucher-service:0.5272728229574335,ts-travel2-service:0.5062322793469951,ts-avatar-service:0.4769762453053488,rabbitmq:0.47127021978604666,ts-notification-service:0.4040764867226747,ts-delivery-service:0.37788011424870394,ts-order-service:0.32674683971067
1752908100,ts2-ts-food-service,6,ts-ui-dashboard:0.939561207165156,ts-user-service:0.8744969468391466,ts-preserve-service:0.8680439752080782,ts-seat-service:0.831091855344829,ts-inside-payment-service:0.8299709776834578,ts-travel-plan-service:0.8224979603321888,ts-train-service:0.8065514450221752,ts-food-service:0.8055297721977654,ts-route-service:0.8036023969091285,ts-consign-price-service:0.7966328548414996,ts-route-plan-service:0.7939634842133263,ts-verification-code-service:0.7897302464528163,ts-order-other-service:0.7883623532913003,ts-station-service:0.7664433737027028,ts-news-service:0.7574400842575553,ts-avatar-service:0.7568190617530133,ts-ticket-office-service:0.7538136763574373,ts-consign-service:0.7506110199755952,ts-gateway-service:0.7420750301284456,ts-security-service:0.7325711178911709,ts-voucher-service:0.7307853488496272,ts-contacts-service:0.7259858874896887,ts-admin-travel-service:0.7238763506359666,ts-payment-service:0.7216282940024208,ts-wait-order-service:0.7214258742650872,ts-basic-service:0.7175935789726029,ts-admin-user-service:0.7149777208752908,ts-admin-route-service:0.7113167855830933,ts-preserve-other-service:0.7065701296781665,ts-assurance-service:0.6918214750427911,ts-rebook-service:0.686379505561987,ts-execute-service:0.6825020098158292,ts-config-service:0.6817152478793246,loadgenerator:0.679915796791997,ts-auth-service:0.6766120281923241,federate:0.6705803426482445,:0.6699641832950569,ts-cancel-service:0.6679798717986817,ts-travel2-service:0.650402504485123,ts-station-food-service:0.6427838594429105,ts-price-service:0.6384274108069454,ts-travel-service:0.6356144765357563,ts-notification-service:0.6354136072562415,ts-admin-order-service:0.5935455615543863,ts-food-delivery-service:0.5839143238263553,ts-admin-basic-info-service:0.5775292760418289,ts-order-service:0.5775062515204346,mysql:0.5476682276845857,rabbitmq:0.5464418960799993,ts-delivery-service:0.5205622424630567,ts-train-food-service:0.48607382438951696
1752908150,ts2-ts-food-service,6,ts-ui-dashboard:0.9549893159179657,ts-preserve-service:0.9461026259649082,loadgenerator:0.8047757111851859,federate:0.7724458605761695,:0.7713015249163325,ts-user-service:0.7656238431702445,ts-order-other-service:0.6931579424372876,ts-seat-service:0.6633413523684406,mysql:0.6412172383905534,ts-travel-plan-service:0.639934215903102,ts-train-service:0.6361533506601218,ts-verification-code-service:0.6339444308648458,ts-inside-payment-service:0.6211305635657253,ts-food-service:0.6159998765289323,ts-route-plan-service:0.6069000064134406,ts-avatar-service:0.6058294550284667,ts-consign-price-service:0.604550521132094,ts-news-service:0.5851608471445326,ts-route-service:0.5802206847261929,ts-auth-service:0.5793565218013214,ts-ticket-office-service:0.5626017360744814,ts-voucher-service:0.5613081661952656,ts-travel2-service:0.5611444153212355,ts-station-service:0.5580658054563137,ts-consign-service:0.5544431993908513,ts-security-service:0.55276870525879,ts-gateway-service:0.5502019044266379,ts-preserve-other-service:0.5345780792579968,ts-contacts-service:0.5257577224866165,ts-admin-travel-service:0.5228104896280584,ts-assurance-service:0.5188939472021333,ts-admin-user-service:0.5171083586336634,ts-payment-service:0.5041921012181089,ts-price-service:0.5000003236033088,ts-config-service:0.4987173189984562,ts-admin-route-service:0.4942923302750774,ts-wait-order-service:0.49019537968619853,ts-execute-service:0.48723539148802675,ts-rebook-service:0.48608725237155936,ts-cancel-service:0.4793970206840287,ts-station-food-service:0.47297105700314973,ts-order-service:0.44979564492330204,ts-notification-service:0.4491832285609356,rabbitmq:0.4361604781187728,ts-travel-service:0.4305190845322514,ts-basic-service:0.4209325251882543,ts-food-delivery-service:0.41398819763600314,ts-admin-order-service:0.4126923075204695,ts-admin-basic-info-service:0.40470930468058314,ts-delivery-service:0.36653933513741443,ts-train-food-service:0.2632501429719486
1752908200,ts2-ts-food-service,6,ts-ui-dashboard:0.9541712045586688,ts-preserve-service:0.9475815252535775,loadgenerator:0.7791753371791292,ts-user-service:0.7730332508181834,federate:0.7694905615455593,:0.7683706067999194,ts-order-other-service:0.6748358930972052,ts-seat-service:0.6562426455580086,ts-travel-plan-service:0.6388354881044486,ts-train-service:0.6346402250752645,ts-verification-code-service:0.6340190304555516,mysql:0.6326682053967954,ts-inside-payment-service:0.6215670281413025,ts-food-service:0.6168557643480257,ts-route-plan-service:0.6074582147184839,ts-consign-price-service:0.6041657001707625,ts-avatar-service:0.6027737567377932,ts-news-service:0.5862238204887249,ts-route-service:0.578582875869323,ts-auth-service:0.5764760106318457,ts-ticket-office-service:0.5633820605409746,ts-voucher-service:0.5616277793381375,ts-station-service:0.5581175555766289,ts-travel2-service:0.5578916408226119,ts-consign-service:0.5551218842222874,ts-security-service:0.5512819485086949,ts-gateway-service:0.5495209124998606,ts-preserve-other-service:0.5351530158787806,ts-contacts-service:0.5238789736098628,ts-admin-travel-service:0.5232188325943722,ts-assurance-service:0.519678040405103,ts-admin-user-service:0.5162971994465334,ts-payment-service:0.5078740783330389,ts-price-service:0.4996017598076524,ts-config-service:0.49777777617854296,ts-admin-route-service:0.49454751124907553,ts-wait-order-service:0.48986731974378916,ts-rebook-service:0.4872659500527632,ts-execute-service:0.4865648643756058,ts-cancel-service:0.4813435396452025,ts-station-food-service:0.4731003507806796,ts-notification-service:0.44917306869157275,ts-order-service:0.4468030239478835,rabbitmq:0.44073405157640366,ts-travel-service:0.42880631425550453,ts-basic-service:0.4198178945267463,ts-food-delivery-service:0.4140603233107766,ts-admin-order-service:0.4131667349931429,ts-admin-basic-info-service:0.40577443263938195,ts-delivery-service:0.36856768915065347,ts-train-food-service:0.31513654928059787
1752908250,ts2-ts-food-service,6,ts-ui-dashboard:0.9255334980833836,ts-seat-service:0.8792230474488518,ts-preserve-service:0.855181893924067,ts-user-service:0.8525390938770487,ts-travel-plan-service:0.8127129774583707,ts-food-service:0.8050570622263079,ts-order-other-service:0.7855514899935065,ts-route-service:0.782157764884758,ts-train-service:0.7791162654318218,ts-consign-price-service:0.7778000859654872,ts-route-plan-service:0.7737920515476777,ts-verification-code-service:0.7717600798392292,ts-station-service:0.7522854665368971,ts-news-service:0.7483204504225107,ts-ticket-office-service:0.7354874921284082,ts-consign-service:0.7336263431807694,ts-avatar-service:0.7289371708759868,ts-inside-payment-service:0.7242931938290852,ts-voucher-service:0.7192286600016233,ts-gateway-service:0.708745486879751,ts-security-service:0.7086295768383074,ts-admin-travel-service:0.7049109384682049,ts-wait-order-service:0.7043316917029919,ts-contacts-service:0.7036726961924732,ts-payment-service:0.7021305542556295,ts-admin-user-service:0.6980701494912067,ts-preserve-other-service:0.6919832214766902,ts-admin-route-service:0.6918229347033321,ts-basic-service:0.6913899722433633,federate:0.6814850534297285,:0.6809185709495627,loadgenerator:0.6771939393310706,ts-assurance-service:0.6701837795655499,ts-execute-service:0.6675890319120721,ts-rebook-service:0.6675674975039134,ts-config-service:0.6630688730671493,ts-auth-service:0.6609803256911876,ts-cancel-service:0.6520349049504743,ts-notification-service:0.6450651357784588,ts-travel2-service:0.6373788419423486,ts-station-food-service:0.6255269371060206,ts-price-service:0.6138062887819444,ts-travel-service:0.6028048627884379,ts-admin-order-service:0.571363099173535,ts-food-delivery-service:0.5629790096183754,ts-order-service:0.5584339023624573,ts-admin-basic-info-service:0.5578763433527074,mysql:0.54793587042322,rabbitmq:0.5446069670911586,ts-train-food-service:0.5099437388807806,ts-delivery-service:0.5088542795713
1752980170,ts2-ts-seat-service,7,ts-food-service:0.9136617942405174,ts-preserve-service:0.7967520775656333,ts-ui-dashboard:0.7744716970433505,loadgenerator:0.7426770965628239,ts-basic-service:0.7387373562888718,federate:0.7205859313893255,:0.7198043842767596,ts-train-food-service:0.6906230803964815,ts-ticket-office-service:0.6873101293817184,ts-seat-service:0.6733529076765464,ts-config-service:0.6635936101742077,ts-inside-payment-service:0.6602022941069681,ts-order-other-service:0.653445947670328,ts-travel-service:0.6524190632729909,ts-user-service:0.6473264819518567,ts-gateway-service:0.6318147645116559,ts-consign-price-service:0.6283732913767341,ts-verification-code-service:0.6257486796071153,ts-order-service:0.6157011449967211,ts-food-delivery-service:0.613983047935623,ts-route-service:0.6055637625500943,ts-price-service:0.6024195419042906,ts-admin-user-service:0.5918239530677729,ts-admin-basic-info-service:0.591379058080586,ts-travel-plan-service:0.58411331643002,ts-admin-travel-service:0.5759363966878908,ts-station-food-service:0.5710618711498522,ts-train-service:0.5706842026573292,ts-payment-service:0.5705073420156244,mysql:0.5686335348199631,ts-admin-order-service:0.5634031898463088,ts-avatar-service:0.5629389909631344,rabbitmq:0.5538977663564584,ts-news-service:0.5511956376574209,ts-auth-service:0.545510753938928,ts-voucher-service:0.5319806096315057,ts-assurance-service:0.5306167698155739,ts-preserve-other-service:0.5055288333316155,ts-admin-route-service:0.5046670243939,ts-travel2-service:0.5011841675235071,ts-cancel-service:0.49921043134242205,ts-station-service:0.49910065514830015,ts-consign-service:0.48972643773088625,ts-contacts-service:0.48655505226341644,ts-rebook-service:0.4717838991973479,ts-wait-order-service:0.46801915625965274,ts-route-plan-service:0.465927232350844,ts-security-service:0.45458935184138116,ts-execute-service:0.4427293586353727,ts-notification-service:0.40624668806167047,ts-delivery-service:0.32296499924807537
1752980220,ts2-ts-seat-service,7,ts-seat-service:0.7705816510979999,ts-travel-plan-service:0.7549374205219335,ts-food-service:0.6794366817953972,ts-preserve-service:0.6708441691513246,ts-basic-service:0.5869477773645879,ts-config-service:0.5762708391265614,ts-ui-dashboard:0.5699574934649652,ts-train-food-service:0.563349753271998,ts-gateway-service:0.5585947967362973,ts-consign-price-service:0.555758562549235,ts-food-delivery-service:0.5487786759870806,ts-news-service:0.5475569607970664,ts-user-service:0.5447799635271011,ts-admin-basic-info-service:0.5345137235041507,ts-travel-service:0.5336521494997031,ts-admin-order-service:0.5174627873587272,ts-price-service:0.5143840189349237,ts-order-other-service:0.5036028006134604,ts-auth-service:0.5022947549171884,ts-admin-route-service:0.49371640678136575,ts-station-food-service:0.4929631557665455,ts-assurance-service:0.49170525480406735,ts-verification-code-service:0.49166847165149347,ts-route-plan-service:0.49090320790398606,ts-station-service:0.4901564384452326,ts-admin-user-service:0.48657720609782845,loadgenerator:0.4857474355477827,ts-avatar-service:0.48561312017977876,ts-admin-travel-service:0.4796077196871895,ts-preserve-other-service:0.4786499330201721,ts-wait-order-service:0.4775209177275837,ts-order-service:0.47714465485904084,ts-route-service:0.47648363878506783,ts-contacts-service:0.4739882934947482,ts-cancel-service:0.47209563546488853,ts-travel2-service:0.46852026200532,ts-consign-service:0.4643651975177679,ts-rebook-service:0.4635237857489315,ts-train-service:0.463277081380984,federate:0.4630459522093228,:0.4628917698141085,ts-payment-service:0.4595123581451528,ts-execute-service:0.4474820251849798,ts-security-service:0.43660675709865887,ts-ticket-office-service:0.436401372240663,ts-inside-payment-service:0.4311580987755319,ts-notification-service:0.4234258086302926,rabbitmq:0.4005994985612674,mysql:0.34857063600052607,ts-delivery-service:0.3251852215689507,ts-voucher-service:0.20648216403140807
1752980270,ts2-ts-seat-service,7,ts-food-service:0.9874931503061868,ts-preserve-service:0.8663986582344777,ts-ui-dashboard:0.8570151365075701,federate:0.805403294680395,:0.8048359219810293,ts-basic-service:0.7732548033420352,loadgenerator:0.7632888047633756,ts-seat-service:0.6907114342510714,ts-user-service:0.6510202306270223,ts-order-other-service:0.6351361785216059,ts-train-food-service:0.6012978924840324,ts-consign-price-service:0.5836897132950681,ts-inside-payment-service:0.5779421015987404,ts-config-service:0.5494008355762481,ts-price-service:0.503330722754148,ts-gateway-service:0.5015659969446236,ts-food-delivery-service:0.5001781560296529,ts-news-service:0.4970451348655194,ts-verification-code-service:0.49101757406626856,ts-avatar-service:0.4756620423929787,ts-order-service:0.47442788176036055,ts-admin-basic-info-service:0.4730939812299915,ts-travel-service:0.4596950592023378,ts-assurance-service:0.45790427726582983,ts-auth-service:0.45568077920799427,ts-train-service:0.4549950006054941,ts-route-service:0.45449102480797393,ts-travel2-service:0.44630106091321475,ts-admin-order-service:0.44579851899484013,mysql:0.44523995047109277,ts-station-service:0.4394186366986293,ts-admin-user-service:0.43303091303746744,ts-ticket-office-service:0.43232375425222846,ts-station-food-service:0.4298463978819197,ts-consign-service:0.42660762615070114,ts-preserve-other-service:0.4200066033231784,ts-contacts-service:0.4197589959792282,ts-admin-route-service:0.419110007959628,ts-admin-travel-service:0.4162367423016027,ts-cancel-service:0.40798952560627066,ts-payment-service:0.40684433556630717,rabbitmq:0.39579204180667193,ts-wait-order-service:0.3928370126296074,ts-security-service:0.39243028370640276,ts-rebook-service:0.3890961951234651,ts-execute-service:0.3619661688322783,ts-notification-service:0.34901021050249587,ts-delivery-service:0.2664337393818765,ts-route-plan-service:0.22225204629752837,ts-travel-plan-service:0.19854960717387327,ts-voucher-service:0.1842095062127061
1752980320,ts2-ts-seat-service,7,ts-food-service:0.985449318422742,ts-preserve-service:0.9267063541240625,loadgenerator:0.8166160196405283,federate:0.8137459622075038,:0.8131755764926899,ts-basic-service:0.6982662819226155,ts-seat-service:0.6971723597814528,ts-ui-dashboard:0.695380310026904,ts-user-service:0.6684606364405632,ts-order-other-service:0.6636900549987731,ts-train-food-service:0.6527347391166276,ts-consign-price-service:0.6091755789206159,ts-inside-payment-service:0.5995352459329742,ts-config-service:0.5955531018053944,ts-gateway-service:0.5651553185224828,ts-food-delivery-service:0.5585021829422016,ts-price-service:0.5489747625598962,ts-verification-code-service:0.5467705736619998,ts-admin-basic-info-service:0.5344737734321785,ts-travel-service:0.5314883643886873,ts-avatar-service:0.5285757063339003,ts-news-service:0.5283605625499693,ts-order-service:0.5276702492898178,ts-route-service:0.514928508767128,ts-assurance-service:0.5133431360243863,ts-train-service:0.5097060748494611,ts-auth-service:0.5078198572906967,mysql:0.5076084622426014,ts-admin-order-service:0.501836873923476,ts-admin-user-service:0.499112697178986,ts-station-food-service:0.49848321100829385,ts-admin-travel-service:0.4830003471963115,ts-travel2-service:0.47418008953963064,ts-payment-service:0.4736764238217298,ts-station-service:0.47305425431862475,ts-ticket-office-service:0.47268443041870023,rabbitmq:0.47103208361852605,ts-preserve-other-service:0.47018718719737546,ts-admin-route-service:0.4657495250721407,ts-cancel-service:0.4560911220468798,ts-contacts-service:0.45367567275499576,ts-route-plan-service:0.45348754634132266,ts-rebook-service:0.43464917399919,ts-consign-service:0.4332186007386269,ts-wait-order-service:0.43071482142784534,ts-security-service:0.42826948256665615,ts-travel-plan-service:0.408878613040457,ts-notification-service:0.4014991901846674,ts-execute-service:0.40146525642602315,ts-delivery-service:0.38950929633549813,ts-voucher-service:0.21371235323181256
1753267050,ts2-ts-seat-service,28,ts-rebook-service:0.9805178470698754,ts-admin-travel-service:0.9802190566613584,ts-execute-service:0.9801870221215451,ts-admin-order-service:0.9801254457340717,ts-gateway-service:0.9797109589499897,ts-admin-user-service:0.979474772758887,ts-admin-basic-info-service:0.9793611613281,ts-preserve-other-service:0.9790180999850329,ts-cancel-service:0.9784098925026392,ts-food-delivery-service:0.9783782825454206,ts-admin-route-service:0.9771283651068966,ts-wait-order-service:0.9741578813415246,ts-voucher-service:0.9739689959436115,ts-payment-service:0.9737278386786976,ts-assurance-service:0.9716421208228628,ts-avatar-service:0.9714471028124095,ts-station-food-service:0.9710307300454918,ts-config-service:0.9672832810162265,ts-user-service:0.9653352564727438,ts-news-service:0.9647222834056357,ts-price-service:0.9644533681753336,ts-train-food-service:0.9642864534470406,ts-contacts-service:0.9629627675147182,ts-notification-service:0.9619612314506965,ts-consign-service:0.9613550388245835,ts-verification-code-service:0.9610599131733757,ts-train-service:0.9606019760973168,ts-station-service:0.9604410790146163,ts-preserve-service:0.9565328228567126,ts-route-plan-service:0.9552780048616512,ts-security-service:0.9530072844136085,ts-delivery-service:0.9528120628548382,ts-travel-plan-service:0.950557404208949,ts-food-service:0.9447693191559404,ts-consign-price-service:0.9445454354709281,ts-order-other-service:0.9378572417485121,ts-ticket-office-service:0.9363427636783739,ts-route-service:0.9304576428587248,rabbitmq:0.9289220703460794,ts-travel-service:0.9260585315833072,ts-inside-payment-service:0.913005118074534,ts-auth-service:0.8822216299389013,ts-basic-service:0.8730598643125979,ts-seat-service:0.8510243382346532,ts-ui-dashboard:0.8066111322396271,ts-travel2-service:0.8059374254407048,loadgenerator:0.8052299919456816,ts-order-service:0.7878190411084567,mysql:0.7449731026681499,federate:0.7083626316003806,:0.7067006208159263
1753267100,ts2-ts-seat-service,28,ts-seat-service:0.9073301128804729,ts-price-service:0.5836692199910637,ts-execute-service:0.5617235294807043,ts-gateway-service:0.5525067991932111,ts-preserve-other-service:0.533269647479819,ts-verification-code-service:0.5265766065298049,ts-admin-basic-info-service:0.5258173268019124,ts-security-service:0.5249946175849303,ts-admin-order-service:0.5154920281977665,ts-config-service:0.5097063115070105,ts-station-service:0.4926239858184783,ts-station-food-service:0.49173667367468454,ts-cancel-service:0.4915259168330842,ts-train-service:0.487688071775837,ts-admin-route-service:0.4803400201474276,ts-travel-plan-service:0.47859084642156546,ts-travel-service:0.474465847885965,ts-route-plan-service:0.46988448304878816,ts-preserve-service:0.44291769056140873,ts-train-food-service:0.41662876404389493,ts-travel2-service:0.41488205513279075,ts-rebook-service:0.40140107532351543,ts-assurance-service:0.3991330589782911,ts-ticket-office-service:0.3895115963858465,ts-user-service:0.38905911562584095,ts-admin-user-service:0.38239011728860367,ts-voucher-service:0.37919756281256933,ts-food-delivery-service:0.35264046071910654,ts-route-service:0.346370039693657,ts-order-other-service:0.3426481338268918,ts-consign-service:0.3399293228722313,ts-basic-service:0.3315781290118254,:0.3220576754679576,federate:0.32132211467386307,ts-ui-dashboard:0.3048908964725404,ts-order-service:0.3044873889915148,ts-admin-travel-service:0.2998674890671036,ts-wait-order-service:0.29983695477903155,ts-contacts-service:0.2932297404896161,ts-avatar-service:0.2915026787158335,ts-auth-service:0.27760761372215514,ts-payment-service:0.2757724860113347,mysql:0.26436517592315856,ts-news-service:0.25569688164206317,loadgenerator:0.25017508718184733,rabbitmq:0.2325248682534412,ts-food-service:0.22864906205832713,ts-inside-payment-service:0.20573517498747212,ts-consign-price-service:0.20387064292831975,ts-delivery-service:0.1669072855664669,ts-notification-service:0.1659599095728216
1753267150,ts2-ts-seat-service,28,ts-seat-service:0.9252220713052088,ts-ticket-office-service:0.6152047594029524,ts-admin-basic-info-service:0.5253360289530844,ts-preserve-other-service:0.5249857428019874,ts-rebook-service:0.5245058465968269,ts-ui-dashboard:0.5078813837940683,ts-admin-order-service:0.5036962645480403,ts-gateway-service:0.5009253332529269,ts-assurance-service:0.500724750192384,ts-station-food-service:0.5005579527300843,ts-cancel-service:0.49696569986996936,ts-admin-user-service:0.49457400977864935,ts-voucher-service:0.49091005081945616,ts-execute-service:0.4878101234148368,ts-travel-service:0.4817245235718061,ts-config-service:0.47828935190520866,ts-verification-code-service:0.4714606945249278,ts-order-other-service:0.46995452027188733,ts-food-delivery-service:0.46640948084712697,ts-price-service:0.4655362423053806,ts-travel-plan-service:0.464724281952939,ts-train-food-service:0.46448020180153704,ts-payment-service:0.46394305618487164,ts-admin-route-service:0.46365283469258567,:0.4575611669465709,federate:0.4573499027262423,ts-security-service:0.4554299604237211,ts-station-service:0.4538510133837228,loadgenerator:0.4478567124784123,ts-contacts-service:0.4431500555702223,ts-user-service:0.43770274679424537,ts-preserve-service:0.43528310841610407,mysql:0.43166435671844505,ts-admin-travel-service:0.4257368449292721,ts-train-service:0.42198443323475876,ts-basic-service:0.41052273756566093,ts-route-service:0.40431904222777043,ts-auth-service:0.37006415060372455,ts-consign-service:0.3694184501800133,ts-consign-price-service:0.3647769108281097,ts-news-service:0.3523719297657424,ts-avatar-service:0.34130116552595635,rabbitmq:0.3286025432897992,ts-order-service:0.31802452538195203,ts-inside-payment-service:0.27183601251658296,ts-notification-service:0.2530229484062808,ts-travel2-service:0.24272836312584278,ts-delivery-service:0.21572526455358093,ts-route-plan-service:0.19760959102904838,ts-wait-order-service:0.1851634194258906,ts-food-service:0.17556267713454737
1753267200,ts2-ts-seat-service,28,ts-seat-service:0.8582546946272435,ts-ui-dashboard:0.6105964362055118,ts-travel-service:0.5977020052058345,:0.5690029107377403,federate:0.568338191097593,ts-ticket-office-service:0.5203249727347493,ts-travel-plan-service:0.4989017019115814,ts-route-plan-service:0.4931849155405723,ts-assurance-service:0.48946589099155313,ts-security-service:0.48762473401057654,ts-gateway-service:0.4845746406033999,ts-admin-basic-info-service:0.47866062603423876,ts-admin-user-service:0.4771665606315159,ts-execute-service:0.47297119829938694,ts-admin-route-service:0.4722010847372164,ts-cancel-service:0.4639609347654202,ts-preserve-other-service:0.4528912155652307,ts-admin-order-service:0.4521704988201739,ts-config-service:0.4518215669593749,ts-verification-code-service:0.44771362083995625,ts-food-delivery-service:0.44594215115074903,ts-payment-service:0.4431158559855131,ts-train-food-service:0.44295044149744306,ts-rebook-service:0.44061430293282616,ts-voucher-service:0.4403016629460045,ts-user-service:0.43701160570698566,ts-train-service:0.42994021112672726,mysql:0.4280233517245232,ts-order-other-service:0.42709171452863587,ts-auth-service:0.4168641731319467,ts-price-service:0.4111237171098261,ts-basic-service:0.4093916715299816,ts-food-service:0.400222689755955,ts-admin-travel-service:0.39848516634963155,ts-contacts-service:0.39207376085229273,ts-station-service:0.39188964353192013,ts-avatar-service:0.38912460418642236,ts-station-food-service:0.3634045159482404,ts-wait-order-service:0.35325100571321566,ts-inside-payment-service:0.32669351519067497,loadgenerator:0.3185504180941251,rabbitmq:0.3180553049096435,ts-order-service:0.30237549819259485,ts-travel2-service:0.29990333882761533,ts-consign-service:0.2986781026206726,ts-route-service:0.2912175013499985,ts-consign-price-service:0.27227262737999847,ts-news-service:0.26922826017896695,ts-delivery-service:0.20235307491392418,ts-notification-service:0.1694401295541274,ts-preserve-service:0.12337746455606327
1753062600,ts2-ts-travel2-service,12,ts-travel-plan-service:0.7838709432569152,rabbitmq:0.5964044480342485,ts-auth-service:0.5746794122909984,ts-gateway-service:0.5483282063754078,ts-food-service:0.5225191121738487,ts-basic-service:0.5085180988128833,ts-admin-user-service:0.504639256563371,mysql:0.4984030348859466,ts-execute-service:0.4930063895459751,ts-ui-dashboard:0.4927201832387106,ts-train-food-service:0.48736478516863,ts-news-service:0.4633715560815792,ts-travel2-service:0.4536906285566082,ts-config-service:0.43368008515015793,ts-station-service:0.4327575030250578,ts-cancel-service:0.43211089008650266,ts-order-service:0.4307906290195956,ts-order-other-service:0.424411749975965,:0.41380179183005517,federate:0.4135005376383151,ts-train-service:0.3978836579178689,ts-rebook-service:0.37432056845109696,ts-route-service:0.367070610791845,ts-avatar-service:0.35515291299458934,ts-consign-price-service:0.3460200716088337,ts-wait-order-service:0.34527492851057706,ts-preserve-service:0.3403998974304937,ts-verification-code-service:0.30954093317000647,ts-user-service:0.3059324476849187,ts-preserve-other-service:0.30262362980292123,ts-food-delivery-service:0.2996398638188705,ts-seat-service:0.2870155185329526,ts-admin-route-service:0.284870808730464,ts-admin-basic-info-service:0.282856246974034,ts-price-service:0.27749898398758943,loadgenerator:0.2687970108195365,ts-ticket-office-service:0.26055020080313435,ts-admin-order-service:0.24771651975279166,ts-admin-travel-service:0.24767636274512556,ts-voucher-service:0.21375345603186308,ts-inside-payment-service:0.19176907878199337,ts-notification-service:0.16885287518695366,ts-travel-service:0.15488642509865824,ts-delivery-service:0.11007180395615594,ts-contacts-service:0.10282149181076718,ts-consign-service:0.09009732430888835,ts-security-service:0.0749221609147119,ts-assurance-service:0.06902483482985611,ts-station-food-service:0.0635157171768224,ts-payment-service:0.0616513387912512,ts-route-plan-service:0.05419536147356418
1753062650,ts2-ts-travel2-service,12,ts-food-service:0.9876953743144297,ts-config-service:0.8807835859381482,ts-preserve-service:0.8623728839585075,ts-ui-dashboard:0.8575192027353035,ts-consign-price-service:0.8568102965368736,federate:0.8175015245596537,:0.8173128441793347,ts-station-service:0.8172131684080006,ts-user-service:0.799181889649863,ts-route-service:0.7865962530718281,ts-inside-payment-service:0.748812406809682,ts-travel-service:0.7363215438924561,ts-cancel-service:0.7217965841048584,ts-wait-order-service:0.7027239707086728,ts-rebook-service:0.6933873217539439,ts-ticket-office-service:0.6919703427018189,mysql:0.6627935474195807,ts-food-delivery-service:0.6581392516650246,ts-auth-service:0.6493402270359773,ts-train-service:0.6407058397081967,ts-admin-route-service:0.6343111447212584,ts-assurance-service:0.6290002642979033,ts-order-other-service:0.612372328083604,ts-consign-service:0.6104208489774491,loadgenerator:0.586159921214042,ts-price-service:0.5815383069609973,ts-verification-code-service:0.5768117140356281,ts-contacts-service:0.5682786330992788,ts-basic-service:0.5592839073947691,ts-admin-basic-info-service:0.5557986620311978,ts-route-plan-service:0.5503082606131161,ts-news-service:0.525921003544751,ts-preserve-other-service:0.5200196385674134,rabbitmq:0.5156009897713576,ts-security-service:0.504088698175954,ts-payment-service:0.5005766235292095,ts-admin-user-service:0.49906643467809464,ts-execute-service:0.49452209229400546,ts-seat-service:0.4525030890070806,ts-order-service:0.4310428107985922,ts-admin-order-service:0.4191603339091263,ts-gateway-service:0.4132547653425704,ts-admin-travel-service:0.41224033517036013,ts-notification-service:0.40755312832185664,ts-train-food-service:0.39878196532143534,ts-station-food-service:0.34470492813536135,ts-travel-plan-service:0.3266528395062499,ts-voucher-service:0.3082238588591724,ts-avatar-service:0.2841800193240873,ts-delivery-service:0.15651440471264422,ts-travel2-service:0.10333888130704214
1753062700,ts2-ts-travel2-service,12,ts-preserve-service:0.7076861311399242,ts-route-plan-service:0.6873862846780261,ts-user-service:0.6751992525278501,ts-consign-price-service:0.6633962818443033,ts-ui-dashboard:0.6630200347543824,ts-config-service:0.66022352427802,ts-food-service:0.636745056344384,federate:0.6115814362669195,:0.6111219472053064,ts-cancel-service:0.6056384182216576,ts-station-service:0.603618827025695,ts-seat-service:0.5890611912663551,ts-travel-service:0.5830884395351275,mysql:0.5695451800492888,ts-route-service:0.5670850125089717,ts-rebook-service:0.5658101903114707,ts-verification-code-service:0.5616396535640408,ts-food-delivery-service:0.561367666149019,ts-assurance-service:0.5540921969182315,ts-train-service:0.5533671339070401,loadgenerator:0.5456537460012696,ts-price-service:0.5437754912669689,ts-auth-service:0.5424790891871343,ts-basic-service:0.5364548062577588,ts-wait-order-service:0.5359541063317568,ts-contacts-service:0.5291111183289738,ts-admin-basic-info-service:0.5229480936193254,ts-preserve-other-service:0.5212468263184502,ts-admin-route-service:0.5177115224155038,ts-execute-service:0.5084506559714361,ts-admin-user-service:0.5069134717503021,ts-order-other-service:0.49734935594343954,ts-news-service:0.4824926971664202,ts-payment-service:0.477240772588018,ts-ticket-office-service:0.4640067654820277,ts-gateway-service:0.4418074996075709,ts-consign-service:0.4275507868844075,ts-train-food-service:0.42665131588057803,ts-admin-travel-service:0.42519507646707755,ts-order-service:0.42435921187104697,ts-admin-order-service:0.42019534359145827,ts-security-service:0.4043345437295199,ts-notification-service:0.3970691133552012,rabbitmq:0.3965011109039098,ts-station-food-service:0.3574487591542936,ts-voucher-service:0.34992508981045667,ts-inside-payment-service:0.34121977276650617,ts-avatar-service:0.28466313219900186,ts-delivery-service:0.1583684431731966,ts-travel2-service:0.15412532560054018,ts-travel-plan-service:0.10103660901907446
1753062750,ts2-ts-travel2-service,12,ts-food-service:0.991179709735674,ts-consign-price-service:0.9350453579233862,ts-preserve-service:0.9031130531179459,ts-ui-dashboard:0.881470310649668,ts-user-service:0.8417616278310938,ts-config-service:0.8264997089693725,federate:0.826122197857923,:0.8256132175786921,ts-station-service:0.8066788194356013,ts-seat-service:0.7912322638602649,ts-route-service:0.7764395443264055,ts-cancel-service:0.7627516810947066,ts-rebook-service:0.7157543538607236,ts-wait-order-service:0.701903990030304,mysql:0.6934284144172089,loadgenerator:0.6893586162826356,ts-travel-service:0.6859598423712381,ts-food-delivery-service:0.6840082817286801,ts-auth-service:0.6730270367727922,ts-assurance-service:0.663779137900169,ts-ticket-office-service:0.6488033182940396,ts-admin-route-service:0.6411515621377273,ts-verification-code-service:0.6321599679855905,ts-contacts-service:0.6217448015135286,ts-basic-service:0.6099520055139612,ts-order-other-service:0.6051415615378957,ts-consign-service:0.6002006150841679,ts-train-service:0.5964718569813312,ts-admin-basic-info-service:0.5959456331917867,ts-price-service:0.5920113412448794,ts-inside-payment-service:0.5807879746324373,ts-preserve-other-service:0.5685395552997524,ts-admin-user-service:0.5488869711286647,rabbitmq:0.5466114810770709,ts-execute-service:0.545878616061568,ts-payment-service:0.5378984474567114,ts-news-service:0.5366781043027481,ts-security-service:0.5186636901989294,ts-admin-order-service:0.4716476474986449,ts-admin-travel-service:0.4692226144597411,ts-gateway-service:0.4609448565272085,ts-order-service:0.4607449917045198,ts-train-food-service:0.45772483876140657,ts-notification-service:0.4263513716372111,ts-station-food-service:0.3791142328082552,ts-travel-plan-service:0.37780303673058485,ts-voucher-service:0.3318078417082997,ts-delivery-service:0.23624965621806904,ts-avatar-service:0.16135442420530297,ts-travel2-service:0.08866644307719687,ts-route-plan-service:0.03564985446515989
1752992780,ts0-ts-travel2-service,4,ts-order-other-service:0.7392776043694443,ts-avatar-service:0.7159632245608709,rabbitmq:0.7110986684611666,ts-gateway-service:0.6981462189915644,ts-route-service:0.6957904535732963,ts-news-service:0.6692391377815894,ts-contacts-service:0.6692088537418937,ts-route-plan-service:0.6260690848833339,ts-travel-plan-service:0.5956736589922667,ts-ui-dashboard:0.591095663456803,ts-auth-service:0.5024011743288863,ts-config-service:0.5023843393556653,ts-voucher-service:0.47569229999134766,loadgenerator:0.4487170863714924,ts-basic-service:0.4370350748594565,ts-inside-payment-service:0.4322069111722946,:0.4312032431913614,ts-assurance-service:0.43088364951248515,federate:0.43042189719986035,ts-wait-order-service:0.4278127863478973,ts-station-service:0.42693916029117984,ts-food-delivery-service:0.4253248641133438,ts-user-service:0.4245296563769543,ts-admin-route-service:0.42354728869214536,ts-consign-price-service:0.42115873643998114,ts-admin-order-service:0.41971802929680424,ts-admin-user-service:0.41913085161737385,ts-verification-code-service:0.4178361263742387,ts-train-food-service:0.41602286928184173,ts-payment-service:0.4157986182305111,ts-admin-travel-service:0.4156962959959003,ts-travel-service:0.41385444937487414,ts-admin-basic-info-service:0.4128654432585639,ts-food-service:0.40879610154504253,ts-execute-service:0.3972823009692433,ts-price-service:0.39519182510681206,ts-rebook-service:0.3844457579713364,ts-train-service:0.3816194072849758,ts-station-food-service:0.37987170112305385,ts-order-service:0.3787051351266497,ts-preserve-service:0.3698230011990892,ts-ticket-office-service:0.36959008610774285,ts-consign-service:0.3643183048593308,ts-delivery-service:0.35762567123311745,ts-preserve-other-service:0.35754756757717127,ts-cancel-service:0.34971204214645607,ts-seat-service:0.3286994627765107,ts-notification-service:0.3194162514193197,mysql:0.31913666695724363,ts-security-service:0.22418227756965203,ts-travel2-service:0.17832326215806693
1752992830,ts0-ts-travel2-service,4,ts-food-service:0.961519335004891,ts-ui-dashboard:0.9065760599018281,ts-preserve-service:0.8592025658307215,ts-seat-service:0.7960854406291283,federate:0.7874550953223197,:0.7865979102786214,ts-basic-service:0.7229694214271971,ts-order-other-service:0.6835148530975037,loadgenerator:0.6803539339479895,ts-inside-payment-service:0.6736312694815284,ts-user-service:0.6710212418127368,ts-consign-price-service:0.6176481726407159,mysql:0.6077453783082474,ts-verification-code-service:0.5814733531237359,ts-auth-service:0.5804799054430474,ts-route-service:0.5721851105976501,ts-travel-service:0.5620050136759944,ts-station-service:0.5425817005729364,ts-news-service:0.535683366664623,ts-travel-plan-service:0.5269629919635467,ts-train-food-service:0.523331973827101,ts-admin-route-service:0.5149689698549905,ts-avatar-service:0.5072571337689733,ts-contacts-service:0.503048605888923,ts-admin-basic-info-service:0.4968432160913382,ts-food-delivery-service:0.4940436429246632,ts-assurance-service:0.49046834466425565,ts-ticket-office-service:0.4892662496306068,ts-order-service:0.4778931387954795,ts-payment-service:0.4776831273051486,ts-execute-service:0.4730577518556125,ts-admin-user-service:0.46717809195237003,ts-price-service:0.46656338661715413,ts-wait-order-service:0.4659558830761993,ts-consign-service:0.46490578811990074,ts-config-service:0.4612127809327419,ts-admin-order-service:0.4546778342778499,ts-voucher-service:0.44531274999813075,ts-route-plan-service:0.44522121844559004,ts-travel2-service:0.4328761027487754,ts-admin-travel-service:0.4279569806537225,ts-security-service:0.4130910322691986,ts-train-service:0.40554153197981296,ts-rebook-service:0.4027308991499781,ts-preserve-other-service:0.3942873720901674,ts-delivery-service:0.39256929640192817,ts-station-food-service:0.3874014841688089,ts-cancel-service:0.35823925706248977,ts-notification-service:0.3566042131546858,ts-gateway-service:0.35584138101985496,rabbitmq:0.2667459144823195
1752992880,ts0-ts-travel2-service,4,ts-food-service:0.9410863471576184,ts-ui-dashboard:0.861402593891752,federate:0.830310547869969,:0.8298580399098223,ts-preserve-service:0.7846873406728869,ts-seat-service:0.7436673629958765,ts-inside-payment-service:0.7327813006469732,loadgenerator:0.7271022683193054,ts-travel-plan-service:0.686263485614337,ts-user-service:0.6469168456047754,ts-order-other-service:0.6297450524370736,ts-route-plan-service:0.6164077674652544,ts-news-service:0.6091685178537097,mysql:0.5964897684643491,ts-avatar-service:0.5887372633022909,ts-auth-service:0.5887185278560583,ts-route-service:0.5882154220110791,ts-consign-price-service:0.5779176612836973,ts-verification-code-service:0.5659379587245208,ts-travel-service:0.5570075721632061,ts-voucher-service:0.5401559757197751,ts-station-service:0.5310096857378406,ts-food-delivery-service:0.5197932117689722,ts-basic-service:0.5193339242910638,ts-ticket-office-service:0.5166320876523683,ts-travel2-service:0.5151677049195404,ts-wait-order-service:0.5133558362712382,ts-admin-route-service:0.5093253674227902,ts-consign-service:0.5088071419517232,ts-train-food-service:0.5077074297108602,ts-admin-basic-info-service:0.5023102289425684,ts-assurance-service:0.4978017457496835,ts-config-service:0.4957601282367108,ts-admin-user-service:0.495526665839319,ts-order-service:0.4840426739333093,ts-admin-order-service:0.48296955639239036,ts-price-service:0.47050597276759376,ts-contacts-service:0.467733767034281,ts-rebook-service:0.4573860339177815,ts-payment-service:0.45714589383182863,ts-execute-service:0.45565370961257734,ts-gateway-service:0.4465548627560309,ts-admin-travel-service:0.4442764462120653,ts-preserve-other-service:0.44084804109252795,ts-security-service:0.43208637984217746,rabbitmq:0.4225996240560436,ts-station-food-service:0.4187622448068461,ts-notification-service:0.39677446737568245,ts-cancel-service:0.3819511181023838,ts-train-service:0.37906215686529343,ts-delivery-service:0.3694986455393976
1752992930,ts0-ts-travel2-service,4,ts-food-service:0.9658873438595593,ts-ui-dashboard:0.9238814359480936,ts-preserve-service:0.8369569506933412,loadgenerator:0.7756714128529814,federate:0.7587867863200352,:0.7577673146394615,ts-seat-service:0.7574013981149521,ts-user-service:0.7527386615304208,ts-auth-service:0.7344813690069242,ts-inside-payment-service:0.734107285579421,rabbitmq:0.7235885153854049,ts-travel2-service:0.7166537684027767,ts-basic-service:0.6988367501125023,ts-order-other-service:0.6894772938784886,ts-consign-price-service:0.6778212972911803,ts-verification-code-service:0.6655501839320137,mysql:0.6640103872284402,ts-news-service:0.6464679692452873,ts-travel-service:0.6458264603891919,ts-station-service:0.6448088584311761,ts-route-service:0.6369160036038142,ts-avatar-service:0.6267578748508946,ts-train-food-service:0.6115816915730008,ts-admin-route-service:0.6097971633774583,ts-assurance-service:0.5971713942124381,ts-admin-basic-info-service:0.5912173265869848,ts-food-delivery-service:0.5904516132223605,ts-wait-order-service:0.5876594084201203,ts-ticket-office-service:0.5743447080474227,ts-admin-user-service:0.5743358893453798,ts-payment-service:0.5683169851452449,ts-execute-service:0.5605531917686312,ts-admin-order-service:0.5575883203237462,ts-consign-service:0.5518269198566811,ts-order-service:0.5398916989270769,ts-config-service:0.530120350474183,ts-voucher-service:0.5285150452156646,ts-price-service:0.5264107214576297,ts-admin-travel-service:0.5121979527230651,ts-delivery-service:0.5064442476244637,ts-rebook-service:0.5024996538187951,ts-preserve-other-service:0.48590731112649577,ts-travel-plan-service:0.48143491093243573,ts-security-service:0.47904756710125346,ts-station-food-service:0.465783626273342,ts-route-plan-service:0.4552393418283577,ts-gateway-service:0.4535989024607948,ts-notification-service:0.44746355652638964,ts-contacts-service:0.4432185846383484,ts-train-service:0.4342280978010708,ts-cancel-service:0.43208837654507115
1753290740,ts2-ts-travel2-service,7,ts-notification-service:0.9061145688669395,ts-delivery-service:0.5679886882189484,ts-verification-code-service:0.5141160720900617,ts-ticket-office-service:0.4830477968625231,ts-assurance-service:0.481438855701541,ts-preserve-service:0.4444706976869698,ts-admin-user-service:0.4390751902840294,ts-ui-dashboard:0.43839950706237574,ts-admin-basic-info-service:0.4369173120273365,ts-train-food-service:0.43289534104117044,loadgenerator:0.43072374403671315,ts-cancel-service:0.4217299758023,ts-voucher-service:0.42157664082636503,ts-food-delivery-service:0.41914105311463046,ts-rebook-service:0.41869388320395395,ts-station-food-service:0.4169259252494834,ts-route-plan-service:0.4146260345880305,ts-gateway-service:0.4048435513034719,ts-admin-travel-service:0.38826647255893887,ts-contacts-service:0.38452668898433673,ts-station-service:0.3842558200880746,ts-price-service:0.38336262890102507,ts-route-service:0.38144941589195225,ts-train-service:0.3736351705928803,ts-preserve-other-service:0.3734431493099364,ts-auth-service:0.37318134709126866,ts-config-service:0.3598557237616075,ts-admin-order-service:0.3563109083354248,ts-wait-order-service:0.3401676596600125,ts-travel-plan-service:0.3336816303325196,ts-avatar-service:0.3312047994799311,ts-user-service:0.3289514547176326,ts-consign-service:0.3285834785690177,rabbitmq:0.32637243452102227,mysql:0.3237817284582275,:0.32210700855111307,federate:0.3216234207231576,ts-food-service:0.31801664440444055,ts-order-other-service:0.3075013724069615,ts-payment-service:0.30335050199365465,ts-travel-service:0.30298550264764246,ts-execute-service:0.3014314258374975,ts-admin-route-service:0.29925985794311466,ts-inside-payment-service:0.29721060428079504,ts-consign-price-service:0.254038230194887,ts-order-service:0.22871072085271998,ts-basic-service:0.2097228804541037,ts-seat-service:0.2091714783392858,ts-news-service:0.20282731632996553,ts-travel2-service:0.1633972764598266,ts-security-service:0.056940311206428215
1753290790,ts2-ts-travel2-service,7,ts-notification-service:0.829974225538683,ts-delivery-service:0.5109672269945427,loadgenerator:0.48074870424919713,ts-preserve-service:0.47172474950427185,ts-travel-plan-service:0.4609883711006716,ts-route-service:0.4501546296194132,ts-station-service:0.4447130672987598,ts-verification-code-service:0.43398771950538045,ts-assurance-service:0.4243569094282951,ts-voucher-service:0.41953057357832374,ts-admin-basic-info-service:0.418265402662035,ts-rebook-service:0.41700424935074354,ts-train-food-service:0.4073095959580504,ts-food-delivery-service:0.40244922213195816,ts-preserve-other-service:0.39861659872515415,ts-ticket-office-service:0.3959562354472478,ts-wait-order-service:0.38968757635445617,ts-price-service:0.3807500622929685,ts-admin-user-service:0.37987551285480303,ts-gateway-service:0.37494846851588587,ts-admin-route-service:0.37391615548666207,ts-cancel-service:0.37026742827818626,ts-admin-travel-service:0.3566095527094655,ts-execute-service:0.3541235468326261,ts-ui-dashboard:0.3391860077607543,ts-payment-service:0.3354596167843279,ts-station-food-service:0.3331695628695348,ts-consign-service:0.33274937943126487,ts-auth-service:0.3325077183820597,:0.31944074969101877,rabbitmq:0.31882454177456476,federate:0.31879096459459544,mysql:0.31857154315697794,ts-inside-payment-service:0.31268648839813845,ts-route-plan-service:0.31214997677513545,ts-order-other-service:0.30796847489745144,ts-admin-order-service:0.30571242894743994,ts-config-service:0.3017975667131541,ts-consign-price-service:0.3008554674595919,ts-train-service:0.29399135690042766,ts-travel2-service:0.28955509691079884,ts-food-service:0.2879340536109545,ts-avatar-service:0.2861477520264598,ts-user-service:0.24674246425985044,ts-security-service:0.245060213842049,ts-contacts-service:0.21677304625402966,ts-basic-service:0.19931291758381475,ts-travel-service:0.18889329513474473,ts-news-service:0.1695542688205887,ts-seat-service:0.15972489936719408,ts-order-service:0.1528795660009558
1753290840,ts2-ts-travel2-service,7,ts-notification-service:0.8475762753175986,ts-verification-code-service:0.6605780549441241,ts-assurance-service:0.5845442833276956,ts-delivery-service:0.5514894394369229,ts-train-food-service:0.5461988943267063,ts-cancel-service:0.5439580503444105,loadgenerator:0.5340797599847402,ts-admin-route-service:0.5325648660009602,ts-payment-service:0.5323161612403314,ts-admin-basic-info-service:0.5313269463503643,ts-ui-dashboard:0.5292509246126437,ts-preserve-other-service:0.5234793188465845,ts-admin-user-service:0.5182327459657076,ts-station-service:0.5142665667845177,ts-gateway-service:0.5089236874937385,ts-food-delivery-service:0.5047730942646602,ts-execute-service:0.504425148035838,ts-config-service:0.5025678909613357,ts-preserve-service:0.49765260480822093,ts-train-service:0.4931398367995783,ts-rebook-service:0.49193919952937376,ts-voucher-service:0.48111118384228574,ts-admin-travel-service:0.4804556935195453,ts-wait-order-service:0.4747198242474466,ts-order-other-service:0.4679816869482439,ts-ticket-office-service:0.46574236166870475,ts-station-food-service:0.4652982858463194,ts-food-service:0.461325562300818,ts-route-service:0.43804685480568273,ts-admin-order-service:0.4262723966163993,ts-auth-service:0.41439681601410255,mysql:0.3976868814855305,ts-travel-service:0.3952571357645094,ts-contacts-service:0.3951877370623305,ts-consign-service:0.3922021469776995,rabbitmq:0.3901307481838678,ts-avatar-service:0.38671695206298506,:0.38585816206242235,federate:0.3852890759439549,ts-user-service:0.38480306901761363,ts-security-service:0.3680681022196244,ts-consign-price-service:0.3282512159118852,ts-seat-service:0.3271127322247611,ts-travel-plan-service:0.3085269674651723,ts-route-plan-service:0.2987226241783874,ts-inside-payment-service:0.29252607655761603,ts-news-service:0.289870335908306,ts-price-service:0.28416698533225426,ts-order-service:0.2728601727015768,ts-basic-service:0.2523813539108493,ts-travel2-service:0.19348811256144838
1753290890,ts2-ts-travel2-service,7,ts-notification-service:0.8641510258537362,ts-verification-code-service:0.6218412689049789,ts-preserve-service:0.5869292659891001,ts-delivery-service:0.5331278496692112,loadgenerator:0.5323373887121547,ts-route-service:0.5137634465526717,ts-assurance-service:0.5091013968544535,ts-station-service:0.5061247339341055,ts-route-plan-service:0.4983986355811043,ts-admin-basic-info-service:0.49379237728289355,ts-gateway-service:0.4900892390845122,ts-travel-plan-service:0.4899368797396433,ts-preserve-other-service:0.484792832851411,ts-order-other-service:0.4811671653311108,ts-food-delivery-service:0.48050569784145103,ts-wait-order-service:0.4772725633268743,ts-voucher-service:0.4751962533248674,ts-admin-user-service:0.47138905956719745,ts-rebook-service:0.46746770393771975,ts-cancel-service:0.4667698042898835,ts-train-food-service:0.46274746232724007,ts-price-service:0.45490725568704876,ts-admin-route-service:0.4460489939009408,ts-ticket-office-service:0.43744294600184924,ts-admin-travel-service:0.43340604830589174,ts-execute-service:0.43223278259907555,ts-payment-service:0.429624384990028,ts-consign-service:0.4034300682432014,ts-train-service:0.39519724990855143,ts-ui-dashboard:0.38997345300344455,rabbitmq:0.3897913801845191,ts-auth-service:0.37182264744611127,ts-admin-order-service:0.3705487162239822,ts-inside-payment-service:0.3682990580072213,ts-contacts-service:0.36486865808526514,mysql:0.35519291585584434,ts-config-service:0.34449936488335675,ts-avatar-service:0.34187159853113036,:0.3363672404905152,federate:0.3359102615107235,ts-security-service:0.32875303833906777,ts-food-service:0.32416522649730106,ts-station-food-service:0.312235208047872,ts-consign-price-service:0.31035061283649523,ts-user-service:0.27730679611713144,ts-travel-service:0.25962776518658875,ts-travel2-service:0.24953293302455876,ts-basic-service:0.2343881294914181,ts-news-service:0.21575165796668358,ts-seat-service:0.21385219043745526,ts-order-service:0.19565823618968642
1753255200,ts2-ts-travel2-service,28,ts-travel2-service:0.8566279854628898,ts-ticket-office-service:0.6801473427052569,:0.6766045865728003,federate:0.6757843327990087,ts-preserve-service:0.5712625057323389,ts-price-service:0.5364409554170582,ts-verification-code-service:0.5302481837760635,ts-food-service:0.5245226056459074,mysql:0.5175422964560064,ts-basic-service:0.5021331777031086,ts-assurance-service:0.49973333731119884,ts-news-service:0.48509391116794776,ts-rebook-service:0.48397113457437235,ts-order-other-service:0.47738135665569026,ts-cancel-service:0.477057554290515,ts-ui-dashboard:0.4753064293783515,ts-consign-price-service:0.4741822349903424,ts-execute-service:0.47265811828353144,ts-admin-basic-info-service:0.4697908301325945,ts-admin-travel-service:0.4652650713043331,ts-seat-service:0.45932808809534154,ts-admin-order-service:0.45713940781736595,ts-voucher-service:0.45587987341138775,ts-travel-service:0.45447252311878894,loadgenerator:0.45319581434799594,ts-preserve-other-service:0.44929379012094517,ts-route-service:0.4338862681135323,ts-station-service:0.43282746551948104,ts-config-service:0.43025044132387763,ts-auth-service:0.4275311331585748,ts-admin-user-service:0.42264952250614113,ts-wait-order-service:0.42019755304750483,ts-consign-service:0.41882489945707446,ts-avatar-service:0.41451760261479337,ts-food-delivery-service:0.4131401950549859,ts-station-food-service:0.4068777335021632,ts-inside-payment-service:0.40660998051386765,ts-route-plan-service:0.4032112369451655,ts-security-service:0.4015249312690426,ts-admin-route-service:0.39547436311450523,ts-payment-service:0.3850762797697306,ts-train-food-service:0.38233276036663577,rabbitmq:0.37571667164588163,ts-train-service:0.36571597814469686,ts-contacts-service:0.34523290601746714,ts-gateway-service:0.3305755596756237,ts-user-service:0.3252695640760202,ts-delivery-service:0.2874830008449219,ts-notification-service:0.252968123026129,ts-travel-plan-service:0.25265411245872144,ts-order-service:0.2112862931580518
1753255250,ts2-ts-travel2-service,28,ts-travel2-service:0.9244722703055669,ts-ticket-office-service:0.6213277412222292,ts-voucher-service:0.4611825252394879,ts-assurance-service:0.4200713276321526,ts-gateway-service:0.4174892507518493,ts-verification-code-service:0.41333277711776206,ts-preserve-other-service:0.40010220603932745,ts-avatar-service:0.40005998282897565,ts-order-other-service:0.38251578293864635,:0.38046624148672903,federate:0.3801637692874415,ts-execute-service:0.3771765576099809,ts-travel-plan-service:0.37605322147291975,ts-station-food-service:0.3738085650086184,ts-price-service:0.37261546075055657,ts-cancel-service:0.36928012938122345,ts-ui-dashboard:0.3691309811230087,ts-rebook-service:0.36678211559835144,ts-route-plan-service:0.36661531274679876,ts-basic-service:0.36137787372447466,ts-admin-travel-service:0.35002755491184334,mysql:0.3489169509862384,ts-admin-basic-info-service:0.3420234308162798,ts-admin-order-service:0.3275704609383706,ts-auth-service:0.32228488087636215,ts-wait-order-service:0.3071408561088472,ts-admin-route-service:0.29245280650891,ts-admin-user-service:0.28794715520666037,rabbitmq:0.27924477662782,ts-food-delivery-service:0.2783302054805309,ts-station-service:0.27447344468012724,ts-preserve-service:0.27183492968893164,ts-travel-service:0.27060647849823505,ts-config-service:0.26559026522200885,ts-route-service:0.2606876259946819,ts-contacts-service:0.25838024974078233,ts-payment-service:0.2575885548898307,ts-seat-service:0.25398029877293005,ts-security-service:0.24129133481226422,ts-consign-service:0.23869943947481836,loadgenerator:0.23853080896097184,ts-user-service:0.23767207788185316,ts-train-food-service:0.23629315408110263,ts-train-service:0.23486620369126066,ts-news-service:0.2219506726412844,ts-inside-payment-service:0.2067766620025704,ts-consign-price-service:0.19312723361400636,ts-food-service:0.18140647153761702,ts-order-service:0.17780764755969827,ts-delivery-service:0.13153716047324698,ts-notification-service:0.09316393096369985
1753255300,ts2-ts-travel2-service,28,ts-travel2-service:0.883818430028916,ts-ticket-office-service:0.6288509956686852,ts-assurance-service:0.5146785230211082,ts-preserve-other-service:0.5103633823826617,ts-station-food-service:0.5070139066181143,ts-ui-dashboard:0.50292691739803,ts-cancel-service:0.4972909556416632,ts-execute-service:0.4965883308743286,ts-admin-basic-info-service:0.4952257209649006,ts-admin-travel-service:0.4904695613152681,ts-rebook-service:0.4886921587535295,ts-admin-order-service:0.47067469679701834,ts-voucher-service:0.4677623354298608,ts-wait-order-service:0.46547698571536356,ts-order-other-service:0.4557108644823155,ts-gateway-service:0.45079289294561914,ts-payment-service:0.4433636190470725,ts-food-delivery-service:0.44149414384627517,ts-verification-code-service:0.43946150340399603,ts-price-service:0.43803708461512975,ts-train-service:0.43666081024444586,loadgenerator:0.4352109575663914,ts-travel-plan-service:0.4336795897686591,ts-contacts-service:0.4268520804831606,ts-config-service:0.4250262116934982,ts-route-plan-service:0.42296683924630113,ts-train-food-service:0.4211121586003869,ts-avatar-service:0.4210621893159749,ts-admin-route-service:0.41743697114837863,ts-admin-user-service:0.40507831603617345,mysql:0.403129292248599,:0.39985090096294384,federate:0.3994002354901685,ts-travel-service:0.39772340503634546,rabbitmq:0.38896476931315604,ts-preserve-service:0.38307215687216384,ts-seat-service:0.37408344159663276,ts-station-service:0.37121810223530977,ts-auth-service:0.3651589113271204,ts-basic-service:0.346756852446822,ts-route-service:0.33728185849353365,ts-security-service:0.30114549736442386,ts-consign-price-service:0.29752864580298255,ts-news-service:0.28396570520927655,ts-food-service:0.28379632574843583,ts-order-service:0.278527339430663,ts-user-service:0.26976298142059235,ts-inside-payment-service:0.2630703132638661,ts-delivery-service:0.2472443966230431,ts-consign-service:0.1805109881265531,ts-notification-service:0.17752097849435655
1753255350,ts2-ts-travel2-service,28,ts-travel2-service:0.8119643336909813,ts-ticket-office-service:0.6265084088430994,ts-admin-basic-info-service:0.5968597707097414,ts-rebook-service:0.5842174200713497,ts-preserve-other-service:0.581973516181042,ts-ui-dashboard:0.5812716343035885,ts-admin-travel-service:0.5793505881006555,ts-execute-service:0.5790114026116583,ts-assurance-service:0.5731813435542715,ts-cancel-service:0.5710774860532735,ts-station-food-service:0.5649625387107484,ts-admin-order-service:0.5646270952724934,ts-wait-order-service:0.5573280710423889,ts-travel-plan-service:0.5535694544558527,ts-preserve-service:0.5444294928949079,loadgenerator:0.5425748914891553,ts-verification-code-service:0.5387640970511565,ts-food-delivery-service:0.5351004441748086,ts-price-service:0.5299852924299913,ts-train-food-service:0.5250900922600645,ts-contacts-service:0.5181614915254207,ts-train-service:0.513089451811042,ts-payment-service:0.512695031306925,ts-gateway-service:0.5121154408486742,ts-voucher-service:0.5119741384007817,ts-order-other-service:0.5036383426252573,ts-route-plan-service:0.49798159381887974,ts-auth-service:0.49301534082283177,ts-config-service:0.48592513162858003,mysql:0.4755989578406148,:0.47099862223338285,federate:0.47021292871039266,ts-admin-route-service:0.46874757704892867,ts-user-service:0.46450915869268194,ts-admin-user-service:0.4587246540355605,ts-station-service:0.45296957879531263,rabbitmq:0.4508532977840474,ts-route-service:0.44740534454978986,ts-avatar-service:0.442883771021184,ts-travel-service:0.44241028978467734,ts-consign-service:0.40496984381568935,ts-consign-price-service:0.3684533449087546,ts-notification-service:0.36607525182589545,ts-seat-service:0.36418868560067374,ts-basic-service:0.35901998797128953,ts-delivery-service:0.33974852944837947,ts-security-service:0.3297273641887578,ts-inside-payment-service:0.32528888241780085,ts-news-service:0.29081197019861205,ts-order-service:0.2867028033784149,ts-food-service:0.25664219208329275
1752847160,ts1-ts-travel2-service,12,ts-food-service:0.951630327505424,ts-ui-dashboard:0.9248462982999699,ts-route-plan-service:0.9037359889603893,ts-admin-route-service:0.8388530375587019,ts-assurance-service:0.8386883148063308,ts-admin-order-service:0.8318315741074293,ts-station-food-service:0.8287766347024086,ts-execute-service:0.8283377851329172,ts-admin-basic-info-service:0.8182307487946052,ts-news-service:0.81204657161251,ts-route-service:0.8070925680929425,ts-voucher-service:0.804725542485168,ts-cancel-service:0.8036105727566345,ts-security-service:0.8034004918211249,ts-inside-payment-service:0.7997538930080871,ts-admin-travel-service:0.7867155245923232,ts-auth-service:0.7684743693306956,ts-train-service:0.7660631289267288,ts-admin-user-service:0.7654102117071089,ts-price-service:0.7584960204928719,ts-verification-code-service:0.7582737930309424,ts-consign-price-service:0.7544412202692321,ts-consign-service:0.7436313109819953,ts-food-delivery-service:0.739890290283195,ts-config-service:0.7301032568314394,ts-seat-service:0.7293612201543749,rabbitmq:0.7284409100343558,ts-wait-order-service:0.7269175690720102,ts-order-service:0.7263686671130931,ts-ticket-office-service:0.7147123989498532,ts-train-food-service:0.7121607391293251,ts-user-service:0.7115673838696176,ts-delivery-service:0.7107934464511911,ts-gateway-service:0.7036094115576439,ts-contacts-service:0.7021443523912244,ts-payment-service:0.6995013069722693,ts-travel-service:0.6972742436152413,ts-rebook-service:0.6970384664530893,ts-preserve-other-service:0.6904051798869854,ts-avatar-service:0.6785669744363936,ts-order-other-service:0.6696347906072082,ts-basic-service:0.656143462129126,ts-notification-service:0.6177763611841949,mysql:0.6037444396015405,ts-preserve-service:0.5890404922788066,ts-travel-plan-service:0.580556815741486,federate:0.5180488020800247,:0.5156065557694752,loadgenerator:0.4688959338983753,ts-station-service:0.4179627481383028,ts-travel2-service:0.39400610515213796
1752847210,ts1-ts-travel2-service,12,ts-food-service:0.924071694249294,ts-route-plan-service:0.8016135454065562,ts-ui-dashboard:0.7731705309620941,ts-basic-service:0.7420707863326808,ts-preserve-service:0.7160821389982728,ts-train-service:0.7101114138669673,federate:0.6680555220292062,:0.6678080072671172,ts-seat-service:0.6672740061690803,ts-route-service:0.6609715980110225,ts-auth-service:0.6395262308300127,ts-news-service:0.6334435626862222,ts-station-food-service:0.629651405925168,ts-order-other-service:0.628393811958402,ts-verification-code-service:0.614425255024264,ts-assurance-service:0.612072407220366,ts-admin-basic-info-service:0.6055241512189191,ts-security-service:0.6013847615920561,rabbitmq:0.5893065343118041,ts-inside-payment-service:0.582402413382044,ts-voucher-service:0.5791147859420722,ts-admin-route-service:0.5761205893347288,mysql:0.5744925225118266,ts-travel-service:0.5674466233089469,ts-admin-travel-service:0.5672279422850247,ts-admin-user-service:0.5662266469874082,ts-execute-service:0.5656269711050839,ts-cancel-service:0.5642538210296996,ts-admin-order-service:0.5621633205089175,ts-delivery-service:0.5604049581615175,ts-travel2-service:0.5285354719980929,ts-consign-price-service:0.5233192456310554,ts-travel-plan-service:0.5228184794429123,loadgenerator:0.5182023361425607,ts-price-service:0.48403291114065405,ts-avatar-service:0.47715448064475263,ts-consign-service:0.46191318685018845,ts-user-service:0.45131253572219554,ts-config-service:0.43987598131413386,ts-food-delivery-service:0.43836156677984084,ts-ticket-office-service:0.4265998037295866,ts-wait-order-service:0.425653433859595,ts-train-food-service:0.40450136380181045,ts-payment-service:0.4013342823970467,ts-contacts-service:0.3962342617642162,ts-gateway-service:0.3961385382243361,ts-rebook-service:0.3669506711068345,ts-preserve-other-service:0.3611058441716512,ts-order-service:0.3580506801747966,ts-station-service:0.3463608328514074,ts-notification-service:0.34492478567863893
1752847260,ts1-ts-travel2-service,12,ts-route-plan-service:0.9096406510523529,ts-train-service:0.9054336355259631,ts-travel-service:0.898733612013883,ts-ui-dashboard:0.897397664015334,ts-security-service:0.8915688952204668,ts-route-service:0.8878764050199246,ts-news-service:0.8801704613903352,ts-station-food-service:0.879395354625174,ts-admin-basic-info-service:0.8775086053221648,ts-food-service:0.8724347428067109,ts-assurance-service:0.8709201206721808,ts-verification-code-service:0.8705124022689243,ts-admin-user-service:0.8623344428842658,ts-admin-travel-service:0.8617288282418212,ts-cancel-service:0.861176026880017,ts-voucher-service:0.8578892905488881,ts-travel-plan-service:0.8551483206029009,ts-execute-service:0.8508826862271532,ts-admin-route-service:0.8453561248119869,ts-admin-order-service:0.8426301309125467,ts-delivery-service:0.8403863795328711,ts-basic-service:0.8370955205476488,rabbitmq:0.8196074332318486,mysql:0.7609063648746824,ts-preserve-service:0.7386157496463192,ts-price-service:0.6221170700587324,loadgenerator:0.6124176314587315,ts-inside-payment-service:0.5994815022016797,ts-order-other-service:0.5910377889976797,ts-consign-price-service:0.5754661956216991,ts-food-delivery-service:0.5635858873714535,ts-config-service:0.5611941684762778,ts-auth-service:0.5565501143894527,ts-train-food-service:0.5510424566118143,ts-wait-order-service:0.5491988512917859,ts-gateway-service:0.5479157362581133,ts-seat-service:0.5476744726838391,ts-user-service:0.5420164318911049,ts-consign-service:0.5408972786688638,ts-avatar-service:0.532894085818711,ts-rebook-service:0.5309535855593809,ts-ticket-office-service:0.5299922348324557,ts-contacts-service:0.5141225797580026,ts-payment-service:0.5132770879726616,ts-preserve-other-service:0.5072017937307068,ts-travel2-service:0.5028220224853592,ts-notification-service:0.49128840689832864,ts-station-service:0.48208144927130975,ts-order-service:0.44556588110610884,federate:0.42150770981757935,:0.4212271496561186
1753084330,ts2-ts-order-service,28,ts-order-service:0.8171569647002018,ts-ticket-office-service:0.7131125036714857,ts-security-service:0.6037323320650991,ts-route-plan-service:0.5998922915926,ts-preserve-service:0.571054968069405,mysql:0.4974542088308145,ts-route-service:0.49242496184508844,ts-price-service:0.4876014474896286,ts-inside-payment-service:0.4781661093694064,:0.4697313772168878,federate:0.46931274710345866,ts-notification-service:0.44518640884475863,ts-execute-service:0.4258042688998971,ts-seat-service:0.41733532213826485,ts-basic-service:0.4067529738563605,ts-wait-order-service:0.3998580271137919,ts-admin-user-service:0.3984614734583569,ts-verification-code-service:0.388948624609612,ts-order-other-service:0.3860381420844291,ts-consign-price-service:0.3721818103543213,ts-food-delivery-service:0.3615219067782337,ts-gateway-service:0.3509765801188483,ts-station-service:0.34659332879367294,ts-train-food-service:0.3435142132430962,ts-avatar-service:0.33133654952058744,ts-admin-route-service:0.3259461724465442,loadgenerator:0.3241738367541449,ts-config-service:0.32249458492475014,ts-food-service:0.3211524463156541,ts-rebook-service:0.32046425323407224,ts-news-service:0.31701805678440054,rabbitmq:0.3137894233391557,ts-voucher-service:0.3059323903070652,ts-payment-service:0.29139372601188973,ts-assurance-service:0.2911165130687721,ts-train-service:0.2860606265825122,ts-travel-service:0.2822384543179205,ts-admin-travel-service:0.28104073967006404,ts-admin-order-service:0.27386599139210965,ts-preserve-other-service:0.2731221793067133,ts-admin-basic-info-service:0.2720065709073893,ts-auth-service:0.25838199986685917,ts-travel-plan-service:0.2570665133359227,ts-cancel-service:0.24083639434001924,ts-ui-dashboard:0.23562655712839875,ts-consign-service:0.2355229853106316,ts-travel2-service:0.2150163065773535,ts-user-service:0.19053463694611644,ts-delivery-service:0.1835497937616165,ts-station-food-service:0.17886950687292585,ts-contacts-service:0.134192105574711
1753084380,ts2-ts-order-service,28,ts-order-service:0.892472445670784,ts-ticket-office-service:0.7484227467361504,loadgenerator:0.5271041038292835,:0.5187060734742548,federate:0.5183537393591696,mysql:0.4915268186892158,ts-route-plan-service:0.48675940674795004,ts-price-service:0.48246027918096396,ts-station-service:0.47878174798030587,ts-wait-order-service:0.4650177271675603,ts-gateway-service:0.46247845612726907,ts-route-service:0.46241660218892017,ts-auth-service:0.45850828364064755,ts-rebook-service:0.4545957291574523,ts-execute-service:0.4543114038935374,ts-avatar-service:0.4542315197220501,ts-ui-dashboard:0.450562045772427,ts-seat-service:0.4419406384007354,ts-food-delivery-service:0.4310103431478275,ts-train-food-service:0.42943269621260777,ts-consign-service:0.4286578890571897,ts-config-service:0.4277426018966159,ts-admin-user-service:0.4206187774626169,ts-contacts-service:0.4180533508764987,ts-order-other-service:0.41502109953730204,ts-inside-payment-service:0.41106028431957886,ts-security-service:0.4018073952170813,ts-news-service:0.3831875927576054,ts-travel-service:0.37917552715972275,ts-station-food-service:0.3736965539670355,ts-user-service:0.36659154287551593,ts-basic-service:0.3664992478855681,ts-verification-code-service:0.3649728986057138,ts-travel-plan-service:0.3615299299874287,rabbitmq:0.3604066046294687,ts-consign-price-service:0.3527113954343717,ts-food-service:0.34440899233693134,ts-voucher-service:0.3404084705670344,ts-admin-route-service:0.3271285376649343,ts-assurance-service:0.3258783086743301,ts-preserve-other-service:0.3028342009520389,ts-admin-basic-info-service:0.30161232303718843,ts-train-service:0.2988373822433426,ts-admin-travel-service:0.29852627837646106,ts-admin-order-service:0.29099936472511295,ts-payment-service:0.2907464201817789,ts-cancel-service:0.2733313394266292,ts-preserve-service:0.2637996985338551,ts-notification-service:0.254258620497054,ts-travel2-service:0.24662439090241425,ts-delivery-service:0.22735094681859103
1753306590,ts2-ts-order-service,18,ts-preserve-service:0.9744813538458744,ts-food-service:0.9566785309263932,ts-consign-price-service:0.9496250288805238,ts-ui-dashboard:0.9099297095536786,ts-order-other-service:0.8955494420544394,federate:0.8674799692974852,:0.8672394538205477,ts-seat-service:0.8364753599167883,ts-price-service:0.7605222117600557,ts-contacts-service:0.7570657745802165,ts-train-service:0.7418796238177534,ts-user-service:0.7303932745762928,ts-food-delivery-service:0.7208358542141631,ts-consign-service:0.7052316861828207,ts-config-service:0.7003286853924642,ts-inside-payment-service:0.6847461130067853,ts-route-service:0.6836808023757651,ts-train-food-service:0.6820338099366265,ts-security-service:0.6801132014479518,ts-verification-code-service:0.6652152760061384,ts-cancel-service:0.6634260245665697,mysql:0.6612396580218158,ts-admin-user-service:0.6534636137693227,ts-admin-order-service:0.6446884265022335,ts-station-service:0.6421200042075745,ts-admin-route-service:0.629660598175126,ts-rebook-service:0.6136770023900799,ts-travel-plan-service:0.6042589624104682,ts-preserve-other-service:0.6012465066842196,ts-ticket-office-service:0.5996014570586199,ts-assurance-service:0.5750828274165107,ts-payment-service:0.5689778174726112,ts-route-plan-service:0.5673586173301502,ts-wait-order-service:0.5566138441626416,ts-gateway-service:0.5529439241154993,ts-execute-service:0.5354495265107326,ts-auth-service:0.5212832387105033,ts-admin-basic-info-service:0.5126153811625727,ts-station-food-service:0.4974063831959218,ts-admin-travel-service:0.46926853801782387,ts-voucher-service:0.45184345159843164,ts-travel-service:0.44581562663409124,ts-news-service:0.42579451255076894,ts-avatar-service:0.41285266881384985,rabbitmq:0.36672874496253083,ts-basic-service:0.36363835051497,ts-travel2-service:0.35130243204949496,loadgenerator:0.2846513429528529,ts-order-service:0.16475743302246648,ts-delivery-service:0.0531859599011847,ts-notification-service:0.04841080034376513
1753026910,ts1-ts-travel-plan-service,11,ts-food-service:0.8735277391159562,:0.8467033192368398,federate:0.8459902550547846,ts-news-service:0.75808166932435,ts-auth-service:0.7367116006648006,mysql:0.7246000777675335,loadgenerator:0.6932258909547795,ts-ticket-office-service:0.6914537423169331,ts-ui-dashboard:0.6828875788663592,ts-preserve-service:0.6708064281776543,ts-seat-service:0.6648607102673821,ts-config-service:0.6339776574365728,ts-verification-code-service:0.627781427463892,rabbitmq:0.6191622296838416,ts-consign-service:0.5625555776624607,ts-basic-service:0.5618329337615424,ts-order-other-service:0.5236280579317683,ts-contacts-service:0.5114683444742593,ts-preserve-other-service:0.4612960239174445,ts-wait-order-service:0.460633170087418,ts-avatar-service:0.4437188623595989,ts-food-delivery-service:0.44359528841715573,ts-consign-price-service:0.4402617025974699,ts-voucher-service:0.43581573859521894,ts-admin-user-service:0.432032663056544,ts-train-service:0.4310104306473513,ts-station-service:0.42444432257301623,ts-inside-payment-service:0.4073932221963374,ts-travel-service:0.4042474087475828,ts-station-food-service:0.39525535523769073,ts-user-service:0.3929134856520753,ts-route-service:0.39281759461110366,ts-security-service:0.3711333029189028,ts-execute-service:0.3648251887526117,ts-order-service:0.3519948027622783,ts-gateway-service:0.35185249575829636,ts-assurance-service:0.3500985014282005,ts-payment-service:0.33279472364685303,ts-travel2-service:0.3318012651419756,ts-travel-plan-service:0.32565336639925874,ts-admin-route-service:0.32443597099987836,ts-admin-order-service:0.3050420896971035,ts-admin-basic-info-service:0.30383502577064214,ts-admin-travel-service:0.2928401920345937,ts-train-food-service:0.29039697699394956,ts-cancel-service:0.27976059309327933,ts-rebook-service:0.2732672218088603,ts-price-service:0.17933519287343924,ts-delivery-service:0.15450937293760925,ts-route-plan-service:0.14289642550683726,ts-notification-service:0.08486858248678655
1753026960,ts1-ts-travel-plan-service,11,ts-food-service:0.9856290277476021,ts-preserve-service:0.903417902189118,ts-user-service:0.8743461652153408,federate:0.8575843008256833,:0.8566761235656095,ts-train-service:0.8413218930445114,ts-ui-dashboard:0.8185846295673495,ts-contacts-service:0.8176380390749631,loadgenerator:0.7719826221875513,ts-route-service:0.764909543510087,ts-route-plan-service:0.755222697005545,ts-price-service:0.7546920357630096,mysql:0.7274477956735993,ts-consign-service:0.7224093446346822,ts-ticket-office-service:0.7070892205055798,ts-news-service:0.6807616017309146,ts-basic-service:0.6731775136493345,ts-verification-code-service:0.663966047274192,ts-wait-order-service:0.6631210101563322,ts-food-delivery-service:0.6518610068334771,ts-admin-user-service:0.6147027486445493,ts-admin-order-service:0.5944570341691116,ts-rebook-service:0.5901764672604182,ts-auth-service:0.586537387673041,ts-preserve-other-service:0.5643458919511698,ts-train-food-service:0.5588213536352769,ts-inside-payment-service:0.5069350947549053,rabbitmq:0.5055538462656575,ts-security-service:0.4994101274241182,ts-order-other-service:0.48223557049586097,ts-consign-price-service:0.4737632374843185,ts-station-food-service:0.42269313286810545,ts-admin-route-service:0.4221132628479508,ts-assurance-service:0.4206797120268042,ts-travel-service:0.41865662189339614,ts-station-service:0.4061878579898304,ts-config-service:0.39914784163935335,ts-payment-service:0.3989271051453507,ts-admin-basic-info-service:0.39138658952976896,ts-admin-travel-service:0.3773130763173661,ts-execute-service:0.37006861995967166,ts-voucher-service:0.36761591898023666,ts-travel-plan-service:0.3501348494547919,ts-cancel-service:0.34551827216074915,ts-avatar-service:0.32283446700573526,ts-seat-service:0.32146387930012776,ts-notification-service:0.3017358304824427,ts-gateway-service:0.2817601394562895,ts-travel2-service:0.22940587038176585,ts-delivery-service:0.2080808379862151,ts-order-service:0.15634272570831267
1753027010,ts1-ts-travel-plan-service,11,ts-food-service:0.9909597083357087,ts-preserve-service:0.9420649573863792,ts-ui-dashboard:0.9320182687752475,ts-route-plan-service:0.9042021785955088,ts-user-service:0.8797193823572709,federate:0.8546953755539901,:0.8541745980179255,ts-config-service:0.8507721426280193,ts-train-service:0.8492227627330433,ts-contacts-service:0.8027015540316292,loadgenerator:0.7839747721576624,ts-price-service:0.7498301396666631,ts-travel-service:0.7311157459524834,mysql:0.7239708598511494,ts-auth-service:0.7212817111615272,ts-route-service:0.7019650496713586,ts-consign-service:0.6956982245872902,ts-ticket-office-service:0.69424152927543,ts-news-service:0.6657299486212052,ts-wait-order-service:0.6581415746189117,ts-verification-code-service:0.6537070387166584,ts-basic-service:0.6491217972915684,ts-food-delivery-service:0.6423237143060807,ts-admin-user-service:0.6032036208563976,ts-admin-order-service:0.5896635320641694,ts-rebook-service:0.5820769304665899,ts-preserve-other-service:0.5530576073358601,ts-train-food-service:0.535020875664052,ts-order-other-service:0.5226149547011412,ts-inside-payment-service:0.5096368605426114,ts-security-service:0.47918878122046027,ts-consign-price-service:0.4665568387868787,rabbitmq:0.4608105333271334,ts-assurance-service:0.4284602763123868,ts-station-service:0.4188903220918798,ts-admin-route-service:0.41562576947328184,ts-order-service:0.4024051408137651,ts-payment-service:0.40096933041245864,ts-station-food-service:0.38700358895025166,ts-admin-basic-info-service:0.3857864497495675,ts-seat-service:0.3758573020175927,ts-voucher-service:0.37585433540203883,ts-execute-service:0.3719402586023295,ts-travel2-service:0.3681871296608135,ts-admin-travel-service:0.35932553572091785,ts-cancel-service:0.336135186863053,ts-avatar-service:0.32924934743133905,ts-notification-service:0.284572467108113,ts-gateway-service:0.27948131417755273,ts-travel-plan-service:0.2458439805941066,ts-delivery-service:0.2090080688764627
1753327380,ts0-ts-travel-plan-service,7,ts-delivery-service:0.795435333803441,ts-notification-service:0.7224638281784954,ts-train-service:0.6882640320204104,ts-payment-service:0.6360958018598002,ts-ui-dashboard:0.6358799991960276,ts-train-food-service:0.6292416923833943,ts-contacts-service:0.6129237904227951,ts-wait-order-service:0.612455535921782,ts-admin-route-service:0.611681878057361,ts-assurance-service:0.6038149774707442,loadgenerator:0.5995265492530557,ts-admin-order-service:0.5932242409770536,ts-cancel-service:0.5453588911111019,ts-station-service:0.5427176138478931,ts-station-food-service:0.5377055706339462,ts-route-service:0.5358087796564328,ts-rebook-service:0.5271975797143591,ts-preserve-service:0.5230545272157096,ts-auth-service:0.49786976973808245,ts-travel-service:0.4964304727172747,ts-voucher-service:0.4915264306908469,ts-price-service:0.48036196992675906,ts-user-service:0.4764243704827182,ts-security-service:0.46963260503568516,ts-config-service:0.45432365001170955,federate:0.44720676515843527,:0.4471811908382321,ts-route-plan-service:0.4454623860644347,mysql:0.43476582981067663,ts-admin-travel-service:0.42444155659395333,rabbitmq:0.4206307615079184,ts-ticket-office-service:0.42030995611931754,ts-execute-service:0.4113715864986527,ts-gateway-service:0.4047609779597475,ts-admin-basic-info-service:0.40398089650746066,ts-inside-payment-service:0.40282651037056505,ts-order-service:0.39192562805482345,ts-travel-plan-service:0.38737965919454465,ts-verification-code-service:0.3792713113869639,ts-seat-service:0.3656930311133693,ts-admin-user-service:0.36490679293840955,ts-news-service:0.36306161296587425,ts-preserve-other-service:0.36219574542103017,ts-avatar-service:0.35917469853950174,ts-food-delivery-service:0.35254796483778245,ts-travel2-service:0.34837448535290005,ts-order-other-service:0.3377362494179197,ts-basic-service:0.28134593001238595,ts-food-service:0.1792021625093878,ts-consign-price-service:0.1722454925466121,ts-consign-service:0.13799718941335626
1753327430,ts0-ts-travel-plan-service,7,ts-delivery-service:0.7528416970400502,ts-train-service:0.7340264320900369,ts-contacts-service:0.6927466959167372,ts-payment-service:0.6834849517035446,ts-notification-service:0.682446955199875,ts-train-food-service:0.6819556394920733,ts-config-service:0.6815673570349152,ts-ui-dashboard:0.6792158937462317,ts-preserve-other-service:0.6606723264243147,ts-admin-user-service:0.6604854563365431,ts-assurance-service:0.6531346325033196,ts-admin-route-service:0.6500587491284555,ts-food-delivery-service:0.6435399232248904,ts-admin-travel-service:0.6429162970012738,ts-user-service:0.6398405985264263,loadgenerator:0.6370542595342586,ts-wait-order-service:0.631107404510425,ts-admin-order-service:0.6242579172789919,ts-travel-service:0.621056156988284,ts-station-food-service:0.6161303380298467,ts-execute-service:0.6057448695498137,ts-food-service:0.5861455230294504,ts-station-service:0.5852164074764306,ts-cancel-service:0.5802298177126666,ts-admin-basic-info-service:0.5756689418909663,ts-route-service:0.5685255494330907,ts-consign-service:0.5662209994387912,ts-rebook-service:0.5609553563344178,ts-route-plan-service:0.5475344315795453,ts-auth-service:0.5379272424410393,ts-voucher-service:0.5256883240506653,ts-consign-price-service:0.4977622494359955,ts-price-service:0.4928301128155976,ts-preserve-service:0.4846640736414037,:0.4810531088340478,federate:0.4809142375773082,ts-security-service:0.47361852544568034,mysql:0.46873953780744465,ts-gateway-service:0.4383676576333987,rabbitmq:0.434222721027787,ts-ticket-office-service:0.4295460183273154,ts-inside-payment-service:0.4255371993257725,ts-order-service:0.41420103039734213,ts-travel-plan-service:0.41153252398675977,ts-seat-service:0.40721691397413173,ts-verification-code-service:0.3948226641541887,ts-order-other-service:0.3822958654110554,ts-avatar-service:0.3814742697541036,ts-news-service:0.38010355416119623,ts-travel2-service:0.378049219135585,ts-basic-service:0.2786416751710419
1753327480,ts0-ts-travel-plan-service,7,ts-train-service:0.751405038129097,ts-delivery-service:0.7490689536507094,ts-contacts-service:0.7331744367191559,ts-payment-service:0.723360249277269,ts-config-service:0.7132374180554434,ts-train-food-service:0.7124001616923397,ts-assurance-service:0.7023627639443737,ts-preserve-other-service:0.7003665051146787,ts-admin-user-service:0.6970878787222681,ts-ui-dashboard:0.6955097394879544,ts-admin-route-service:0.6917466250949056,ts-notification-service:0.6795868245032809,ts-admin-travel-service:0.6790627638353091,ts-food-delivery-service:0.6730956791525591,ts-travel-service:0.6683849490396503,loadgenerator:0.6642403873072792,ts-wait-order-service:0.656221019524263,ts-station-food-service:0.6549212506239294,ts-admin-order-service:0.6475308289162003,ts-food-service:0.6425047135270486,ts-execute-service:0.64066928259999,ts-user-service:0.6382355994735511,ts-cancel-service:0.6185859802903171,ts-station-service:0.6178674173932215,ts-admin-basic-info-service:0.6154744550585767,ts-rebook-service:0.5972396481059015,ts-route-service:0.5891966112436674,ts-auth-service:0.5706477384776296,ts-voucher-service:0.564455885597297,ts-route-plan-service:0.5634067420770286,ts-consign-service:0.556983775797288,ts-preserve-service:0.5456375055311081,:0.4941093487804627,federate:0.493784858723877,mysql:0.49317991540593664,ts-price-service:0.4922961128772476,ts-consign-price-service:0.4922784064161979,ts-gateway-service:0.48502015257626413,ts-security-service:0.4734992383996357,ts-verification-code-service:0.45386389195503696,ts-seat-service:0.44609302023290154,ts-order-service:0.44243877697459955,ts-ticket-office-service:0.44146585181445863,ts-avatar-service:0.44027969486046503,ts-travel-plan-service:0.4397543335906293,rabbitmq:0.4263135546287524,ts-news-service:0.42228337975464947,ts-inside-payment-service:0.40904500028499635,ts-order-other-service:0.3947036258037414,ts-travel2-service:0.33086581954169636,ts-basic-service:0.299200278161844
1753327530,ts0-ts-travel-plan-service,7,ts-notification-service:0.8444801180280079,ts-train-service:0.7716781575273753,ts-payment-service:0.7473145427526962,ts-contacts-service:0.7444466954036031,ts-config-service:0.7422512297381996,ts-delivery-service:0.7416495170516066,ts-assurance-service:0.7399204112975066,ts-ui-dashboard:0.7279748489357963,ts-train-food-service:0.7261195331163606,ts-preserve-other-service:0.7153496213689208,ts-admin-route-service:0.7141085461502819,ts-admin-user-service:0.7074854138649843,ts-travel-service:0.6999353423192919,loadgenerator:0.6906468545670643,ts-admin-travel-service:0.6896561072973911,ts-food-delivery-service:0.6730778083377864,ts-wait-order-service:0.6722426785434517,ts-food-service:0.6596085378633055,ts-execute-service:0.6572809455276062,ts-station-food-service:0.6569212046073584,ts-user-service:0.65658121907108,ts-admin-order-service:0.6500925836002367,ts-admin-basic-info-service:0.6319857715769308,ts-cancel-service:0.6269000493543863,ts-station-service:0.6226037324426361,ts-rebook-service:0.6132726463306233,ts-verification-code-service:0.598235860960884,ts-route-service:0.5848485763784703,ts-voucher-service:0.584447816031038,ts-auth-service:0.5697503943439686,ts-route-plan-service:0.5510189714386096,ts-preserve-service:0.5394020474668606,ts-order-other-service:0.5138260328887128,ts-consign-service:0.5138128333179,ts-gateway-service:0.5034139233484076,:0.4895205890364031,federate:0.489094390735237,mysql:0.4868475631072171,ts-avatar-service:0.48166999902539764,ts-price-service:0.47831189830124166,ts-consign-price-service:0.4772088388623767,ts-seat-service:0.45523879796210026,rabbitmq:0.4552186894518143,ts-order-service:0.45504692776159794,ts-security-service:0.45493696253419175,ts-travel-plan-service:0.44433477701722757,ts-ticket-office-service:0.44200827848779356,ts-news-service:0.4419215914200052,ts-inside-payment-service:0.42158553716582114,ts-basic-service:0.2958519426258024,ts-travel2-service:0.2949751367969028
1753009630,ts1-ts-travel-plan-service,5,ts-delivery-service:0.8246573892190282,ts-preserve-other-service:0.7294765353057852,ts-admin-travel-service:0.7261824684507493,ts-execute-service:0.7230619408378186,ts-admin-route-service:0.7205973691703615,ts-admin-order-service:0.7196851121291546,ts-assurance-service:0.7181320044689709,ts-train-food-service:0.7177107981969131,mysql:0.7162747300046413,ts-gateway-service:0.7138414336451877,ts-travel2-service:0.7105705626580453,ts-contacts-service:0.7070169565254181,ts-travel-service:0.7029497607836404,ts-consign-price-service:0.7022694324065194,ts-admin-basic-info-service:0.6891412509585076,ts-user-service:0.6763405716204934,ts-food-delivery-service:0.671650992976234,ts-rebook-service:0.6522191122803536,ts-news-service:0.6514053396394203,ts-admin-user-service:0.6478259618207689,ts-travel-plan-service:0.5980763425461864,ts-order-service:0.5839659657605103,ts-food-service:0.487611293383316,rabbitmq:0.47896513241374156,ts-verification-code-service:0.4062433377848276,ts-ticket-office-service:0.3672616846834424,ts-preserve-service:0.3599149993833778,ts-cancel-service:0.3571504312672473,ts-station-food-service:0.3501484298956468,ts-price-service:0.3101664761814177,ts-route-service:0.30202312458423897,ts-route-plan-service:0.29334543865129525,ts-basic-service:0.2653926347065669,ts-seat-service:0.2608576976978884,ts-avatar-service:0.2545205597878628,loadgenerator:0.2536990324675984,ts-order-other-service:0.2385937105756349,ts-auth-service:0.22614730995457205,ts-security-service:0.2082495020456946,ts-voucher-service:0.20626439177920536,federate:0.20169495245340738,:0.20158301117629815,ts-payment-service:0.19715845077695218,ts-train-service:0.1726759869411164,ts-station-service:0.17267259597141366,ts-ui-dashboard:0.1709636801147457,ts-inside-payment-service:0.1572412744646436,ts-consign-service:0.1389357988835006,ts-config-service:0.13034661078872128,ts-notification-service:0.1285165939682248,ts-wait-order-service:0.12397372616166168
1753009680,ts1-ts-travel-plan-service,5,mysql:0.9158504317597025,ts-assurance-service:0.8923053350399961,ts-admin-user-service:0.8866530958469286,ts-consign-price-service:0.8802208824184197,ts-admin-travel-service:0.8801556191958212,ts-contacts-service:0.8791072808308928,ts-admin-route-service:0.8775440300862806,ts-preserve-other-service:0.8770658450520872,ts-execute-service:0.8739954548779209,ts-train-food-service:0.8727284179949265,ts-admin-order-service:0.8712375385314229,ts-food-delivery-service:0.8693085153098727,ts-rebook-service:0.8691981414789589,ts-user-service:0.8691279541597084,ts-admin-basic-info-service:0.8676454758111474,ts-delivery-service:0.8670817998864053,ts-travel2-service:0.8648377355436623,ts-travel-service:0.8609501386540178,ts-gateway-service:0.8424873466569145,ts-news-service:0.7969736135596045,ts-preserve-service:0.741834448179068,ts-order-service:0.7197682038787725,rabbitmq:0.6552232303027271,ts-food-service:0.6375629741926934,ts-price-service:0.5846030692362373,ts-ticket-office-service:0.5700154395659107,ts-train-service:0.5389199022138965,ts-cancel-service:0.5357914453836026,ts-wait-order-service:0.5286027466263497,ts-route-plan-service:0.518790841722056,ts-config-service:0.5051437689695946,loadgenerator:0.5031131527190863,ts-consign-service:0.5027706565758042,ts-ui-dashboard:0.49019038744934507,ts-inside-payment-service:0.47671158119187834,ts-station-service:0.4764316474404895,ts-payment-service:0.4739136705603264,ts-seat-service:0.4671427569732126,:0.45655021977166915,federate:0.45653363126100954,ts-auth-service:0.44851243808489716,ts-station-food-service:0.44076986777164123,ts-verification-code-service:0.43980733791543847,ts-basic-service:0.4307238594563598,ts-travel-plan-service:0.4174577793630984,ts-order-other-service:0.40416097449034616,ts-security-service:0.3900526676149545,ts-avatar-service:0.35591095675900697,ts-voucher-service:0.3163548509599326,ts-route-service:0.28175596395707336,ts-notification-service:0.27106475733092406
1753009730,ts1-ts-travel-plan-service,5,ts-food-service:0.9545473777737099,ts-ui-dashboard:0.8833666184923881,federate:0.8830460154852839,:0.8822486250369712,ts-seat-service:0.8766688546558303,ts-station-service:0.8638872525833774,ts-consign-service:0.8343668838586744,ts-preserve-service:0.8318844317520022,ts-config-service:0.8044858014368067,ts-verification-code-service:0.7504637480273518,ts-cancel-service:0.7409259953975106,ts-wait-order-service:0.7408972064684145,ts-route-service:0.7289971547601422,loadgenerator:0.7135904440513514,ts-auth-service:0.7132616033160677,ts-ticket-office-service:0.7108678308538312,ts-payment-service:0.6603526670256352,ts-security-service:0.6579226774232937,ts-price-service:0.6527799884128631,ts-route-plan-service:0.6389607134404311,ts-order-other-service:0.6126719667859934,ts-station-food-service:0.5971221638197134,ts-inside-payment-service:0.5869022320579526,ts-train-service:0.5399016374134877,ts-user-service:0.5219122807143636,rabbitmq:0.5173574732544619,ts-basic-service:0.5078709260217975,ts-voucher-service:0.4348318728695451,ts-admin-basic-info-service:0.4209506106503864,ts-travel-service:0.42077478155524023,ts-travel-plan-service:0.39769376824067126,ts-admin-user-service:0.39109826534744546,ts-notification-service:0.3856673039318261,ts-avatar-service:0.3705214001526432,ts-consign-price-service:0.3621755863814896,mysql:0.344911665181069,ts-food-delivery-service:0.34172860754625667,ts-news-service:0.33117535703719214,ts-order-service:0.3244768793661864,ts-travel2-service:0.3157718971779281,ts-admin-route-service:0.28741241001005685,ts-rebook-service:0.27382899657490545,ts-train-food-service:0.24777622966224203,ts-admin-travel-service:0.2410835341922267,ts-preserve-other-service:0.2405980288496417,ts-execute-service:0.23352618913687018,ts-gateway-service:0.23232908820715817,ts-delivery-service:0.21563406289808418,ts-assurance-service:0.21491515496852098,ts-contacts-service:0.21310826734711336,ts-admin-order-service:0.21019646571449774
1752834350,ts1-ts-train-service,0,ts-user-service:0.9540966212342554,ts-route-service:0.9519911409462367,ts-travel-service:0.9518189126456928,ts-consign-price-service:0.9505876548180288,ts-execute-service:0.9490180456703611,ts-admin-route-service:0.9470046760190196,ts-preserve-other-service:0.946720789520948,ts-notification-service:0.9444719278178331,ts-ui-dashboard:0.9423318697146599,ts-admin-basic-info-service:0.9360144790136381,ts-verification-code-service:0.9321062789924222,ts-order-service:0.930966909404725,ts-seat-service:0.9300511937916605,ts-security-service:0.9252438361274051,ts-delivery-service:0.9199535824967849,ts-voucher-service:0.9123118945673029,rabbitmq:0.9121329391267299,ts-food-delivery-service:0.8903010157955278,ts-admin-user-service:0.8883199769724012,ts-admin-order-service:0.8735219471722309,ts-admin-travel-service:0.864248512414296,ts-cancel-service:0.859850821902515,ts-basic-service:0.8409214828581405,mysql:0.8318118019627189,ts-payment-service:0.8297549906880075,ts-inside-payment-service:0.8234049240650367,ts-station-food-service:0.8009091080623817,ts-news-service:0.5394762496696698,ts-preserve-service:0.5074653639683964,ts-price-service:0.5042141964649731,ts-route-plan-service:0.467715919039307,ts-food-service:0.4600860723229697,ts-consign-service:0.4489094836213051,ts-travel2-service:0.44042636328589624,ts-contacts-service:0.43762843886323477,ts-ticket-office-service:0.4289289797630136,ts-train-service:0.4270396102352502,ts-auth-service:0.42360270183392873,ts-station-service:0.42034988780447824,ts-travel-plan-service:0.41991345950340864,ts-avatar-service:0.41702893295805543,ts-config-service:0.4124879255559786,loadgenerator:0.41217124870022404,ts-wait-order-service:0.40817051686670464,ts-train-food-service:0.40677783635735937,ts-rebook-service:0.39940919238024425,ts-gateway-service:0.3982194888185804,ts-assurance-service:0.37114269190897736,ts-order-other-service:0.3348753168355955,federate:0.16184019129693694,:0.16128996040638444
1752834400,ts1-ts-train-service,0,ts-user-service:0.9367892970347249,ts-consign-price-service:0.9352598987910641,ts-preserve-other-service:0.9348385127244554,ts-admin-route-service:0.9335635173860344,ts-execute-service:0.9330673094094831,ts-admin-basic-info-service:0.9319580347076339,ts-route-service:0.9313243032461607,ts-travel-service:0.9303320231387069,ts-security-service:0.9246857413349561,ts-ui-dashboard:0.9213390254372993,ts-notification-service:0.9211941154805694,ts-station-food-service:0.9174087188953399,ts-delivery-service:0.9162498280966676,ts-verification-code-service:0.9148074912716238,ts-payment-service:0.9135485269786572,ts-seat-service:0.9109231645868252,ts-food-delivery-service:0.9100683851377557,ts-admin-user-service:0.9070550500552607,ts-voucher-service:0.9048440883313025,ts-admin-order-service:0.8937982053096067,ts-order-service:0.8919304359845048,ts-admin-travel-service:0.8917293660714047,ts-cancel-service:0.8880306361201167,ts-inside-payment-service:0.8794240354468338,ts-basic-service:0.8684800199724334,rabbitmq:0.8630205635362279,mysql:0.7869192840404536,ts-news-service:0.6090011435390799,ts-consign-service:0.5968135537876142,ts-price-service:0.577680168176469,ts-route-plan-service:0.5622569599175367,ts-preserve-service:0.5585721509513821,ts-food-service:0.552735354713419,ts-train-service:0.5414688515238202,ts-ticket-office-service:0.5224297725670246,ts-auth-service:0.5147709933273421,ts-travel-plan-service:0.5137455741363491,ts-travel2-service:0.5129217004767581,ts-station-service:0.5126836297549269,ts-contacts-service:0.5090248846560895,ts-train-food-service:0.5009692955234091,ts-config-service:0.5002673121452097,ts-avatar-service:0.49997278533687484,ts-wait-order-service:0.496575856506977,ts-gateway-service:0.493038599781519,ts-rebook-service:0.492469252301557,ts-assurance-service:0.48699903304504105,ts-order-other-service:0.40570693864922197,loadgenerator:0.40294963266024514,federate:0.2089564721997852,:0.20853300096632266
1752834450,ts1-ts-train-service,0,ts-user-service:0.9548166571259018,ts-execute-service:0.9504787332357659,ts-route-service:0.9499805956529932,ts-preserve-other-service:0.9496491466294712,ts-ui-dashboard:0.9485637572764306,ts-admin-route-service:0.9480058846657854,ts-consign-price-service:0.9478445447142059,ts-notification-service:0.9450826598709464,ts-travel-service:0.9422187156841607,ts-admin-basic-info-service:0.9404779728810455,ts-order-service:0.9306080003485739,ts-seat-service:0.9266377945392364,ts-verification-code-service:0.9256339108959013,ts-delivery-service:0.9210156297592642,ts-station-food-service:0.9164965449889169,ts-voucher-service:0.9098867578661602,ts-security-service:0.9076499205127917,ts-payment-service:0.9073248752699322,rabbitmq:0.9046517420275713,ts-food-delivery-service:0.9007908044338617,ts-admin-user-service:0.8912749509661249,ts-admin-travel-service:0.87861217274814,ts-admin-order-service:0.8771945827878159,ts-cancel-service:0.8748571912787785,ts-basic-service:0.8363404181098162,ts-inside-payment-service:0.8204044583034468,mysql:0.8157323898058125,ts-news-service:0.5468767098582369,ts-consign-service:0.5151959221719286,ts-price-service:0.5088038833842367,ts-food-service:0.489289959187729,ts-preserve-service:0.4737065827435608,ts-train-service:0.4709558085323097,ts-auth-service:0.4431763033422175,ts-ticket-office-service:0.44297284585978464,ts-contacts-service:0.43900025223114947,ts-travel2-service:0.4373459836842307,ts-avatar-service:0.43622269198441244,ts-station-service:0.4360346676540164,ts-travel-plan-service:0.43017849782583367,ts-train-food-service:0.42981865154776705,ts-wait-order-service:0.4277666550568931,ts-route-plan-service:0.42578968458066035,ts-config-service:0.4230193693811015,ts-rebook-service:0.4203810536226462,ts-gateway-service:0.4200911771442487,ts-assurance-service:0.4173552971310061,loadgenerator:0.4008181045841366,ts-order-other-service:0.3434968074949704,federate:0.16639445116509533,:0.16586178130210974
1752834500,ts1-ts-train-service,0,ts-admin-travel-service:0.9797425380237537,ts-admin-order-service:0.9793893057205791,ts-preserve-other-service:0.9791614925591585,ts-execute-service:0.9789823810202634,ts-admin-user-service:0.9787735367092343,ts-admin-basic-info-service:0.9787238447242994,ts-gateway-service:0.9782777461058187,ts-admin-route-service:0.9780828375688662,ts-cancel-service:0.9779317753104022,ts-food-delivery-service:0.9777557667404662,ts-rebook-service:0.9770575883807812,ts-voucher-service:0.9738788453232312,ts-wait-order-service:0.9718533222505983,ts-station-food-service:0.9718402232911534,ts-payment-service:0.9714435611901856,ts-assurance-service:0.9714109849931273,ts-avatar-service:0.9705108888067642,ts-delivery-service:0.9671113794421426,ts-news-service:0.9652910112768283,ts-contacts-service:0.9636996351056064,ts-user-service:0.9632843807798006,ts-config-service:0.9622777413612931,ts-train-food-service:0.9622718762727405,ts-price-service:0.9618433719428625,ts-security-service:0.961176829431807,ts-train-service:0.9607262839979536,ts-station-service:0.9597981530187227,ts-consign-service:0.9597578669808746,ts-route-plan-service:0.9589889881739577,ts-verification-code-service:0.9571281983361515,ts-notification-service:0.956375303827937,ts-travel-plan-service:0.9494155925712426,ts-preserve-service:0.9448449972454097,ts-consign-price-service:0.943193411120763,ts-ticket-office-service:0.9384712325174056,ts-route-service:0.9274760239678964,rabbitmq:0.9273085515523384,ts-order-other-service:0.9254158640384648,ts-travel-service:0.9148284207986045,ts-inside-payment-service:0.9083389758815072,ts-basic-service:0.8584633974917009,ts-auth-service:0.8422838298472262,ts-seat-service:0.8378309868145488,ts-ui-dashboard:0.7903078754304091,ts-order-service:0.7848550813081756,loadgenerator:0.7804448852109254,mysql:0.7565013673104758,ts-travel2-service:0.7549303206721645,ts-food-service:0.7503489032166932,federate:0.7091203507928023,:0.70693175191776
1752832550,ts2-ts-order-other-service,25,ts-food-service:0.9445572900655268,ts-preserve-service:0.9121453795898321,ts-ui-dashboard:0.9088056746893522,federate:0.8005880249498843,:0.7998322341027067,loadgenerator:0.7724180079582866,mysql:0.6953568946866996,ts-seat-service:0.6761743369451145,ts-order-other-service:0.6733438797764022,ts-user-service:0.6567412485279845,ts-auth-service:0.6154987587123106,ts-consign-price-service:0.6089958943567912,ts-inside-payment-service:0.580030728232501,ts-route-plan-service:0.579213530026498,ts-admin-route-service:0.568086766404139,ts-travel-plan-service:0.5635507430992055,ts-ticket-office-service:0.5529971340145627,ts-voucher-service:0.5520780670524195,ts-admin-user-service:0.5483095628121516,ts-avatar-service:0.5207587059608045,ts-price-service:0.5131700298148194,ts-verification-code-service:0.5130175356628306,ts-admin-order-service:0.506613941113392,ts-route-service:0.501047845152528,ts-assurance-service:0.5008048582845882,ts-config-service:0.500652852760731,ts-travel2-service:0.4999968358563386,ts-contacts-service:0.49391507342945046,ts-basic-service:0.491349707059622,ts-station-food-service:0.4905369610452489,ts-admin-basic-info-service:0.48892927057020524,ts-travel-service:0.48297517313796223,ts-preserve-other-service:0.4826455835259461,ts-station-service:0.4767064413199146,ts-consign-service:0.4761259386783777,ts-news-service:0.469826518907947,ts-rebook-service:0.45658339971583206,ts-train-food-service:0.45342374697920657,ts-security-service:0.4527108529152668,ts-train-service:0.4519419990676383,ts-food-delivery-service:0.44862535881863697,ts-order-service:0.44812254235085774,ts-cancel-service:0.44273686219808733,ts-payment-service:0.442615803988442,rabbitmq:0.4408289152320586,ts-wait-order-service:0.4384525721225321,ts-execute-service:0.43663310327617927,ts-admin-travel-service:0.40568513792322153,ts-gateway-service:0.40566154370504776,ts-delivery-service:0.39034770798160034,ts-notification-service:0.37603701905734976
1752832600,ts2-ts-order-other-service,25,ts-basic-service:0.978923070660596,ts-order-other-service:0.9714727946366143,ts-route-plan-service:0.9652129144781412,ts-travel-service:0.9642307717839329,ts-verification-code-service:0.9558461544006704,ts-admin-basic-info-service:0.9481539371480436,ts-preserve-other-service:0.9430493839298962,ts-ui-dashboard:0.9394541719334168,ts-rebook-service:0.9372883433185748,ts-route-service:0.9361369182908417,ts-station-service:0.935266973791933,ts-config-service:0.9351993712465956,ts-execute-service:0.9310154203604566,ts-payment-service:0.9283450290483741,ts-wait-order-service:0.9255048120292642,ts-voucher-service:0.923765972058012,ts-admin-user-service:0.9226132758221859,ts-auth-service:0.9225497550326285,ts-admin-route-service:0.9175054180071716,ts-admin-order-service:0.9163014860536819,ts-travel2-service:0.9148536887558654,ts-order-service:0.8939481573933179,ts-ticket-office-service:0.8799619032700138,rabbitmq:0.8733213241403641,ts-travel-plan-service:0.8027985218857968,ts-preserve-service:0.7837508635976488,ts-delivery-service:0.7484836339660876,ts-price-service:0.7477179289485472,ts-consign-price-service:0.7234118844555899,loadgenerator:0.6972447470294042,ts-contacts-service:0.6970456209978134,ts-news-service:0.6629966944919814,ts-station-food-service:0.6549280650184981,ts-user-service:0.6376815480253775,ts-assurance-service:0.6238634936863772,ts-avatar-service:0.610924780530311,ts-security-service:0.5786605305395716,ts-food-delivery-service:0.5748913823451838,ts-cancel-service:0.5546508108320899,ts-seat-service:0.5500075731880232,ts-consign-service:0.5460699284929569,ts-train-food-service:0.5141148792572137,ts-train-service:0.511938909972148,ts-inside-payment-service:0.5097599018373014,ts-gateway-service:0.5097064495655154,ts-food-service:0.5051367982484842,ts-admin-travel-service:0.5022923937049412,ts-notification-service:0.4872932599687274,federate:0.40566954279495443,:0.40536473050404964,mysql:0.38853891762435
1752832650,ts2-ts-order-other-service,25,ts-preserve-service:0.9461492328298007,ts-food-service:0.9352772739305816,ts-ui-dashboard:0.929609900985298,federate:0.8195698083958717,:0.8190269805013083,ts-order-other-service:0.7575079562093165,loadgenerator:0.7020992716684074,mysql:0.7019478295587874,ts-seat-service:0.6578340097792628,ts-user-service:0.6289254967736031,ts-consign-price-service:0.6022321437101243,ts-auth-service:0.584124639282292,ts-travel-plan-service:0.5772580909604655,ts-route-plan-service:0.572582850435537,ts-admin-route-service:0.5552853677470777,ts-ticket-office-service:0.5452920367406064,ts-voucher-service:0.5434136456784333,ts-inside-payment-service:0.5426784931785394,ts-admin-user-service:0.5425763087539032,ts-avatar-service:0.5300340837865766,ts-price-service:0.516804290969348,ts-verification-code-service:0.5098724234380398,ts-assurance-service:0.5080739938550519,ts-station-food-service:0.4996674543634587,ts-admin-order-service:0.49850766663731944,ts-contacts-service:0.4930640333109927,ts-news-service:0.488304506225839,ts-admin-basic-info-service:0.4776009309009328,ts-travel2-service:0.4766250794977784,ts-route-service:0.4762027692354284,ts-consign-service:0.4731306950637319,ts-basic-service:0.47160857888685204,ts-config-service:0.4686216465499248,ts-preserve-other-service:0.46725537036984427,ts-travel-service:0.46436608089899634,ts-security-service:0.4633960378473744,ts-train-food-service:0.4626936074447039,ts-food-delivery-service:0.45690194043868754,ts-station-service:0.45187913107074945,ts-cancel-service:0.4486864476002792,ts-rebook-service:0.4402396934111533,ts-payment-service:0.4252856949682422,ts-execute-service:0.42193500997159444,ts-train-service:0.4217473902187957,rabbitmq:0.4197927723201872,ts-gateway-service:0.4187727032912008,ts-wait-order-service:0.41798829021162,ts-order-service:0.416819167625259,ts-admin-travel-service:0.41194976420868185,ts-delivery-service:0.39095816890395174,ts-notification-service:0.38296147989824014
1752836140,ts2-ts-travel-service,1,ts-food-service:0.8820615887620762,ts-ui-dashboard:0.8010472804239156,federate:0.7433610074748445,:0.7426222602321118,ts-order-other-service:0.708336793329208,loadgenerator:0.697995549593321,ts-train-service:0.6945307562836902,ts-user-service:0.6629477918408874,mysql:0.6494898981900006,ts-seat-service:0.6395957228708102,ts-inside-payment-service:0.6129633160302055,ts-order-service:0.5724669699221511,ts-auth-service:0.5061638771953537,ts-preserve-service:0.5060029468689957,ts-travel2-service:0.4808754629808203,ts-food-delivery-service:0.4596363436194286,ts-contacts-service:0.45570341495059596,ts-basic-service:0.44371594218965194,ts-consign-service:0.4421990762467449,rabbitmq:0.44009939428255307,ts-route-plan-service:0.43917093977424215,ts-travel-plan-service:0.4390529266959647,ts-avatar-service:0.4342640101791723,ts-train-food-service:0.41898494178707935,ts-consign-price-service:0.4179112374216322,ts-travel-service:0.41138630792491143,ts-preserve-other-service:0.40837011293823033,ts-ticket-office-service:0.40785894621722335,ts-execute-service:0.4062123561145854,ts-route-service:0.40439230067567455,ts-verification-code-service:0.40331739366644737,ts-admin-route-service:0.40258328190703774,ts-payment-service:0.40010788752719945,ts-admin-basic-info-service:0.3990262110746862,ts-admin-travel-service:0.397282522880919,ts-price-service:0.39493168576144255,ts-admin-order-service:0.38784521964930135,ts-config-service:0.3866713034662191,ts-delivery-service:0.3850351788192026,ts-admin-user-service:0.3797421744626198,ts-station-food-service:0.3739097744802913,ts-cancel-service:0.3732999207343765,ts-station-service:0.3687851229531609,ts-wait-order-service:0.36279192654953607,ts-gateway-service:0.36143254620019377,ts-assurance-service:0.3563062662198564,ts-notification-service:0.3546323848534642,ts-news-service:0.35457822109526405,ts-rebook-service:0.35095733139710295,ts-security-service:0.3498354065650249,ts-voucher-service:0.34982593649668137
1752836190,ts2-ts-travel-service,1,ts-food-service:0.9692176153625613,federate:0.7592995460426023,:0.7590729341363939,mysql:0.7123607335656503,ts-ui-dashboard:0.6781936454156574,ts-preserve-service:0.6246673585655184,ts-travel2-service:0.6016229670040959,loadgenerator:0.5955567214624871,ts-travel-service:0.5887639760886023,ts-inside-payment-service:0.5665253080156517,ts-basic-service:0.5607636777512048,ts-seat-service:0.5434138733534885,ts-order-other-service:0.5417680513775984,ts-user-service:0.5215285653453912,ts-train-service:0.5212052980715095,ts-order-service:0.49453291744836514,ts-consign-price-service:0.4935115130128134,ts-route-service:0.4868423346864921,ts-ticket-office-service:0.46177616819842915,ts-consign-service:0.4523374014863569,ts-food-delivery-service:0.4471841294993827,ts-config-service:0.44292022237781514,ts-preserve-other-service:0.43391966855989306,rabbitmq:0.42383906858950005,ts-auth-service:0.41963497745228756,ts-avatar-service:0.4154838781336897,ts-train-food-service:0.40801814122897195,ts-route-plan-service:0.4051899527788544,ts-payment-service:0.39746764818717323,ts-contacts-service:0.39274059869746225,ts-admin-basic-info-service:0.3819572070633802,ts-cancel-service:0.3753861570855146,ts-admin-route-service:0.37432790060987686,ts-admin-travel-service:0.37424672250160773,ts-execute-service:0.3737946623069768,ts-station-service:0.3680822827785847,ts-notification-service:0.36569296398909035,ts-station-food-service:0.36442397980340635,ts-wait-order-service:0.35555233678249343,ts-verification-code-service:0.3497602326135243,ts-gateway-service:0.3442331404228804,ts-price-service:0.33699473912990013,ts-admin-user-service:0.3346095024795089,ts-admin-order-service:0.3312083834467314,ts-news-service:0.32602015108547366,ts-assurance-service:0.3259719099714774,ts-security-service:0.32534849744356276,ts-voucher-service:0.32166578006373214,ts-rebook-service:0.3164454202857192,ts-delivery-service:0.28685625354011657,ts-travel-plan-service:0.24286456919179236
1752836210,ts2-ts-travel-service,1,ts-preserve-service:0.6934251469806101,ts-travel-service:0.6934093173220659,loadgenerator:0.6933576526920072,:0.6831116559429391,federate:0.6829417158822586,ts-ui-dashboard:0.6637782602206924,ts-food-service:0.6617828534690551,ts-inside-payment-service:0.6566656198138905,mysql:0.6495388499113242,ts-basic-service:0.6478680377335708,ts-order-other-service:0.6244454711301426,ts-user-service:0.6167282872323309,ts-route-service:0.6127692414971198,rabbitmq:0.6013140035581973,ts-seat-service:0.6001617529345347,ts-consign-price-service:0.5944889192587424,ts-admin-basic-info-service:0.5868244406730172,ts-ticket-office-service:0.5855836720742249,ts-admin-route-service:0.5641291256558696,ts-verification-code-service:0.5574157643774067,ts-food-delivery-service:0.554195720868447,ts-execute-service:0.5538839940005684,ts-config-service:0.5524760312550967,ts-consign-service:0.5514173935229079,ts-price-service:0.5467952405297987,ts-admin-user-service:0.545439103252376,ts-admin-order-service:0.5421825788738779,ts-assurance-service:0.5403464328099044,ts-route-plan-service:0.5399435393822749,ts-news-service:0.5391852489303213,ts-train-service:0.5377053626939094,ts-avatar-service:0.5340337275001462,ts-rebook-service:0.5303160942627734,ts-security-service:0.5281343966432543,ts-auth-service:0.5202930850416192,ts-train-food-service:0.5188861646456578,ts-payment-service:0.5098874801782367,ts-notification-service:0.49138741317100937,ts-admin-travel-service:0.4898399033093141,ts-station-service:0.48301525676747026,ts-order-service:0.4766006697528591,ts-station-food-service:0.47636266644286873,ts-wait-order-service:0.47605247433001596,ts-gateway-service:0.470443145648027,ts-voucher-service:0.4694573123818145,ts-preserve-other-service:0.4620076943348874,ts-contacts-service:0.42726540198025575,ts-travel-plan-service:0.4116656954333524,ts-travel2-service:0.40862139859310986,ts-cancel-service:0.4006719493779749,ts-delivery-service:0.36852475784215893
1752836240,ts2-ts-travel-service,1,ts-food-service:0.6890278174756792,ts-travel-service:0.6879673145360791,ts-preserve-service:0.6851443439091628,federate:0.6759929066655643,:0.6758673375957555,ts-ui-dashboard:0.6663906364242663,ts-inside-payment-service:0.6643302142837226,ts-basic-service:0.6466848460615675,loadgenerator:0.6448103764931137,mysql:0.6418420065082756,ts-auth-service:0.6253121915642601,ts-user-service:0.6249961862354022,ts-route-service:0.6222644674221826,ts-consign-price-service:0.6104306915959619,ts-order-other-service:0.6052032031950424,ts-seat-service:0.6009368474767653,ts-ticket-office-service:0.5997158207858834,rabbitmq:0.5948852817796286,ts-consign-service:0.5789409073918088,ts-food-delivery-service:0.577287919083753,ts-train-service:0.5713900414816152,ts-admin-basic-info-service:0.5701376486388215,ts-config-service:0.5651420118500368,ts-admin-route-service:0.5619479332518845,ts-route-plan-service:0.5563927055747758,ts-execute-service:0.5557957256462732,ts-order-service:0.5394910802618663,ts-payment-service:0.5371867239238401,ts-train-food-service:0.5356103158427485,ts-verification-code-service:0.533616670600105,ts-admin-user-service:0.5285198305495504,ts-security-service:0.527944059673485,ts-price-service:0.5278768121379773,ts-avatar-service:0.5266068048944665,ts-admin-order-service:0.5250967754496461,ts-assurance-service:0.5176518246665724,ts-news-service:0.5151808159196342,ts-rebook-service:0.5125056141469355,ts-admin-travel-service:0.5098620380517537,ts-preserve-other-service:0.5093065789949862,ts-notification-service:0.5082879125945476,ts-station-service:0.5013466621179077,ts-wait-order-service:0.49455966629007586,ts-station-food-service:0.49418311143770033,ts-gateway-service:0.48277686255714847,ts-contacts-service:0.480585820762911,ts-voucher-service:0.47545102626206415,ts-travel2-service:0.4706102827852698,ts-cancel-service:0.4508722222651209,ts-travel-plan-service:0.4004792106348418,ts-delivery-service:0.39225850882063706
1752836260,ts2-ts-travel-service,1,ts-food-service:0.8599102907254317,federate:0.6995598238351566,:0.6993748058170579,ts-ui-dashboard:0.6817177035066231,ts-travel-service:0.6608048295456115,ts-inside-payment-service:0.647429872063223,mysql:0.6456547841503731,ts-basic-service:0.6269197091897423,loadgenerator:0.6161854938621936,ts-user-service:0.6041220056017589,ts-auth-service:0.6026822276529651,ts-preserve-service:0.6014322428584302,ts-train-service:0.5929041627877991,ts-route-service:0.5890829557454317,ts-consign-price-service:0.5879729242784806,ts-order-other-service:0.5871372949632159,ts-seat-service:0.57514212425392,ts-ticket-office-service:0.575087479353096,ts-route-plan-service:0.5703042216522188,ts-order-service:0.5676831318365698,ts-consign-service:0.5625462798127088,ts-food-delivery-service:0.561110829002126,ts-config-service:0.5402364129113313,ts-preserve-other-service:0.5309338776292697,rabbitmq:0.5298563575337103,ts-payment-service:0.520205327792699,ts-train-food-service:0.5147601019130353,ts-contacts-service:0.5137781153497973,ts-admin-route-service:0.5032860762699594,ts-execute-service:0.5031460990861536,ts-admin-basic-info-service:0.4994442138885976,ts-travel2-service:0.49739265978908687,ts-avatar-service:0.4927611779429746,ts-admin-travel-service:0.48708361499282715,ts-notification-service:0.48092797869237425,ts-station-food-service:0.4775918382150025,ts-station-service:0.47537517144079805,ts-cancel-service:0.4749427465429147,ts-wait-order-service:0.46945688199599,ts-security-service:0.4645799317842665,ts-verification-code-service:0.4620643919767242,ts-admin-user-service:0.4548609523721908,ts-gateway-service:0.4532637329296957,ts-price-service:0.4517287885664196,ts-admin-order-service:0.4510684544500887,ts-assurance-service:0.4403210600655612,ts-voucher-service:0.43962070394615316,ts-news-service:0.4372939743982719,ts-rebook-service:0.43600142843033446,ts-delivery-service:0.4139452416429523,ts-travel-plan-service:0.3715883908781338
1752836290,ts2-ts-travel-service,1,ts-food-service:0.8422794284201931,:0.7097742408902799,federate:0.7096565416766772,ts-ui-dashboard:0.699206994926887,loadgenerator:0.6809314494532026,ts-travel-service:0.6707697832156623,mysql:0.6565589346933164,ts-inside-payment-service:0.6481490821915066,ts-basic-service:0.632770608947647,ts-preserve-service:0.6198033259761129,ts-order-other-service:0.6088937481745991,ts-user-service:0.6068397253431929,ts-auth-service:0.5921813585790124,ts-route-service:0.5842887901722584,ts-consign-price-service:0.5757502028023254,ts-seat-service:0.571094805468388,ts-train-service:0.5666622374184427,ts-ticket-office-service:0.563822238632208,ts-route-plan-service:0.5538276839614967,rabbitmq:0.5464279008396482,ts-food-delivery-service:0.5418683601943846,ts-consign-service:0.5382939643848977,ts-config-service:0.5308931076720091,ts-admin-basic-info-service:0.5209577395173876,ts-admin-route-service:0.5113791054560256,ts-order-service:0.5067236060497102,ts-execute-service:0.5051965886072394,ts-train-food-service:0.5040496343306093,ts-avatar-service:0.5010410753111023,ts-payment-service:0.4994558871686021,ts-verification-code-service:0.48999033464359165,ts-preserve-other-service:0.4883434785834247,ts-admin-user-service:0.4758830477241003,ts-price-service:0.4742691182827684,ts-admin-order-service:0.47236838368882567,ts-admin-travel-service:0.4706921826676135,ts-security-service:0.4703358108582525,ts-notification-service:0.46951771047064117,ts-assurance-service:0.46681552305960994,ts-news-service:0.46431692383135614,ts-contacts-service:0.4624375243667783,ts-station-food-service:0.4622525153602105,ts-travel-plan-service:0.4603566662673491,ts-rebook-service:0.45935998634263353,ts-station-service:0.4575862355886732,ts-wait-order-service:0.45562872108945335,ts-gateway-service:0.4445133905728088,ts-travel2-service:0.43765524724848515,ts-voucher-service:0.43603047493368785,ts-cancel-service:0.42898835519754913,ts-delivery-service:0.3940254866305052
1752836310,ts2-ts-travel-service,1,ts-food-service:0.9405011331485194,ts-travel-service:0.8976593675316383,ts-preserve-service:0.7759240207408878,:0.727323738177573,federate:0.7268426544381162,ts-ui-dashboard:0.7055428206142258,ts-auth-service:0.668124588954249,mysql:0.6659863727998167,loadgenerator:0.6587868003265835,ts-route-service:0.56512523139128,ts-consign-price-service:0.5579299520192489,ts-config-service:0.5028617966043516,ts-inside-payment-service:0.4251259196807359,ts-food-delivery-service:0.3880738645497932,ts-voucher-service:0.380182753679361,ts-consign-service:0.3707517568595325,ts-notification-service:0.3693823292027151,ts-preserve-other-service:0.36362124412614144,ts-route-plan-service:0.36207486851585513,ts-travel2-service:0.36034225959110144,ts-station-service:0.35662829978845256,ts-user-service:0.35379545877764795,rabbitmq:0.35153224165069813,ts-train-service:0.3447816205012755,ts-contacts-service:0.3440171147721445,ts-ticket-office-service:0.33272603039896387,ts-admin-basic-info-service:0.33128622878335356,ts-wait-order-service:0.3308290486843727,ts-train-food-service:0.3267356737607572,ts-order-other-service:0.32669974111685274,ts-security-service:0.3200399682722498,ts-order-service:0.30925502357897283,ts-payment-service:0.30479300267144593,ts-seat-service:0.3035069076951804,ts-avatar-service:0.3003160541289809,ts-admin-route-service:0.2962811802338262,ts-execute-service:0.29499244439805206,ts-cancel-service:0.2937390225546385,ts-basic-service:0.2898956509208897,ts-news-service:0.28834954607317437,ts-verification-code-service:0.28425693554149345,ts-assurance-service:0.2841596318212658,ts-station-food-service:0.27790677557582133,ts-price-service:0.26507210848774676,ts-rebook-service:0.265043995284692,ts-admin-user-service:0.25944288938436666,ts-travel-plan-service:0.2477455874083629,ts-admin-travel-service:0.24346668602295415,ts-admin-order-service:0.2377281349313351,ts-gateway-service:0.2300463790846468,ts-delivery-service:0.21797831232725018
1752836360,ts2-ts-travel-service,1,ts-food-service:0.9550087088068928,ts-travel-service:0.8553624226433343,ts-preserve-service:0.799329757295224,:0.7670980897357108,federate:0.766881554302517,ts-ui-dashboard:0.7352999660229225,mysql:0.6645809926505357,ts-auth-service:0.6305539788969385,ts-route-plan-service:0.6058459977156279,ts-route-service:0.5780168415176932,loadgenerator:0.573205124551229,ts-consign-price-service:0.54839450146186,ts-config-service:0.4665778229887174,ts-food-delivery-service:0.3664502590054079,ts-voucher-service:0.3622006844418405,ts-train-service:0.359665993636515,ts-station-service:0.35357436710616486,ts-inside-payment-service:0.353109947923394,ts-contacts-service:0.34679089692189385,ts-travel2-service:0.34330744138611,ts-preserve-other-service:0.34034580471024084,ts-order-service:0.32986085956923916,ts-user-service:0.32912944968304747,ts-notification-service:0.3268971027733162,ts-consign-service:0.31917295615033975,ts-wait-order-service:0.3164079104152973,rabbitmq:0.28811787768764285,ts-security-service:0.2816567555579301,ts-cancel-service:0.2812805168817827,ts-ticket-office-service:0.280659890821889,ts-order-other-service:0.27509021995268745,ts-delivery-service:0.2733255425107244,ts-train-food-service:0.2660193080406058,ts-admin-basic-info-service:0.25759294048496717,ts-seat-service:0.24971806626936396,ts-payment-service:0.24876360189015118,ts-admin-route-service:0.24685683388989405,ts-execute-service:0.2373902995097307,ts-news-service:0.2288150142494245,ts-avatar-service:0.2227594578901924,ts-station-food-service:0.22112223734055572,ts-assurance-service:0.22066600421790084,ts-verification-code-service:0.21843989089011456,ts-basic-service:0.21786061223759867,ts-price-service:0.21502762217721905,ts-admin-user-service:0.19588404235309065,ts-rebook-service:0.1945055975988461,ts-admin-travel-service:0.18640539221068866,ts-admin-order-service:0.1761106438808381,ts-travel-plan-service:0.16829873579347704,ts-gateway-service:0.16558063864730013
1752847160,ts2-ts-auth-service,18,ts-food-service:0.951630327505424,ts-ui-dashboard:0.9248462982999699,ts-route-plan-service:0.9037359889603893,ts-admin-route-service:0.8388530375587019,ts-assurance-service:0.8386883148063308,ts-admin-order-service:0.8318315741074293,ts-station-food-service:0.8287766347024086,ts-execute-service:0.8283377851329172,ts-admin-basic-info-service:0.8182307487946052,ts-news-service:0.81204657161251,ts-route-service:0.8070925680929425,ts-voucher-service:0.804725542485168,ts-cancel-service:0.8036105727566345,ts-security-service:0.8034004918211249,ts-inside-payment-service:0.7997538930080871,ts-admin-travel-service:0.7867155245923232,ts-auth-service:0.7684743693306956,ts-train-service:0.7660631289267288,ts-admin-user-service:0.7654102117071089,ts-price-service:0.7584960204928719,ts-verification-code-service:0.7582737930309424,ts-consign-price-service:0.7544412202692321,ts-consign-service:0.7436313109819953,ts-food-delivery-service:0.739890290283195,ts-config-service:0.7301032568314394,ts-seat-service:0.7293612201543749,rabbitmq:0.7284409100343558,ts-wait-order-service:0.7269175690720102,ts-order-service:0.7263686671130931,ts-ticket-office-service:0.7147123989498532,ts-train-food-service:0.7121607391293251,ts-user-service:0.7115673838696176,ts-delivery-service:0.7107934464511911,ts-gateway-service:0.7036094115576439,ts-contacts-service:0.7021443523912244,ts-payment-service:0.6995013069722693,ts-travel-service:0.6972742436152413,ts-rebook-service:0.6970384664530893,ts-preserve-other-service:0.6904051798869854,ts-avatar-service:0.6785669744363936,ts-order-other-service:0.6696347906072082,ts-basic-service:0.656143462129126,ts-notification-service:0.6177763611841949,mysql:0.6037444396015405,ts-preserve-service:0.5890404922788066,ts-travel-plan-service:0.580556815741486,federate:0.5180488020800247,:0.5156065557694752,loadgenerator:0.4688959338983753,ts-station-service:0.4179627481383028,ts-travel2-service:0.39400610515213796
1752847210,ts2-ts-auth-service,18,ts-food-service:0.924071694249294,ts-route-plan-service:0.8016135454065562,ts-ui-dashboard:0.7731705309620941,ts-basic-service:0.7420707863326808,ts-preserve-service:0.7160821389982728,ts-train-service:0.7101114138669673,federate:0.6680555220292062,:0.6678080072671172,ts-seat-service:0.6672740061690803,ts-route-service:0.6609715980110225,ts-auth-service:0.6395262308300127,ts-news-service:0.6334435626862222,ts-station-food-service:0.629651405925168,ts-order-other-service:0.628393811958402,ts-verification-code-service:0.614425255024264,ts-assurance-service:0.612072407220366,ts-admin-basic-info-service:0.6055241512189191,ts-security-service:0.6013847615920561,rabbitmq:0.5893065343118041,ts-inside-payment-service:0.582402413382044,ts-voucher-service:0.5791147859420722,ts-admin-route-service:0.5761205893347288,mysql:0.5744925225118266,ts-travel-service:0.5674466233089469,ts-admin-travel-service:0.5672279422850247,ts-admin-user-service:0.5662266469874082,ts-execute-service:0.5656269711050839,ts-cancel-service:0.5642538210296996,ts-admin-order-service:0.5621633205089175,ts-delivery-service:0.5604049581615175,ts-travel2-service:0.5285354719980929,ts-consign-price-service:0.5233192456310554,ts-travel-plan-service:0.5228184794429123,loadgenerator:0.5182023361425607,ts-price-service:0.48403291114065405,ts-avatar-service:0.47715448064475263,ts-consign-service:0.46191318685018845,ts-user-service:0.45131253572219554,ts-config-service:0.43987598131413386,ts-food-delivery-service:0.43836156677984084,ts-ticket-office-service:0.4265998037295866,ts-wait-order-service:0.425653433859595,ts-train-food-service:0.40450136380181045,ts-payment-service:0.4013342823970467,ts-contacts-service:0.3962342617642162,ts-gateway-service:0.3961385382243361,ts-rebook-service:0.3669506711068345,ts-preserve-other-service:0.3611058441716512,ts-order-service:0.3580506801747966,ts-station-service:0.3463608328514074,ts-notification-service:0.34492478567863893
1752847260,ts2-ts-auth-service,18,ts-route-plan-service:0.9096406510523529,ts-train-service:0.9054336355259631,ts-travel-service:0.898733612013883,ts-ui-dashboard:0.897397664015334,ts-security-service:0.8915688952204668,ts-route-service:0.8878764050199246,ts-news-service:0.8801704613903352,ts-station-food-service:0.879395354625174,ts-admin-basic-info-service:0.8775086053221648,ts-food-service:0.8724347428067109,ts-assurance-service:0.8709201206721808,ts-verification-code-service:0.8705124022689243,ts-admin-user-service:0.8623344428842658,ts-admin-travel-service:0.8617288282418212,ts-cancel-service:0.861176026880017,ts-voucher-service:0.8578892905488881,ts-travel-plan-service:0.8551483206029009,ts-execute-service:0.8508826862271532,ts-admin-route-service:0.8453561248119869,ts-admin-order-service:0.8426301309125467,ts-delivery-service:0.8403863795328711,ts-basic-service:0.8370955205476488,rabbitmq:0.8196074332318486,mysql:0.7609063648746824,ts-preserve-service:0.7386157496463192,ts-price-service:0.6221170700587324,loadgenerator:0.6124176314587315,ts-inside-payment-service:0.5994815022016797,ts-order-other-service:0.5910377889976797,ts-consign-price-service:0.5754661956216991,ts-food-delivery-service:0.5635858873714535,ts-config-service:0.5611941684762778,ts-auth-service:0.5565501143894527,ts-train-food-service:0.5510424566118143,ts-wait-order-service:0.5491988512917859,ts-gateway-service:0.5479157362581133,ts-seat-service:0.5476744726838391,ts-user-service:0.5420164318911049,ts-consign-service:0.5408972786688638,ts-avatar-service:0.532894085818711,ts-rebook-service:0.5309535855593809,ts-ticket-office-service:0.5299922348324557,ts-contacts-service:0.5141225797580026,ts-payment-service:0.5132770879726616,ts-preserve-other-service:0.5072017937307068,ts-travel2-service:0.5028220224853592,ts-notification-service:0.49128840689832864,ts-station-service:0.48208144927130975,ts-order-service:0.44556588110610884,federate:0.42150770981757935,:0.4212271496561186
1753410160,ts3-ts-route-service,20,ts-food-service:0.9825359642811055,ts-preserve-service:0.9289204301094924,ts-price-service:0.8850244815910182,federate:0.8694025503512282,:0.8692994363349462,ts-station-service:0.837389732012393,ts-consign-price-service:0.8055814047413884,ts-ui-dashboard:0.8011511938923975,ts-consign-service:0.7883528336482235,ts-route-service:0.7845533703326681,ts-order-other-service:0.7838383533599436,ts-train-food-service:0.7623362155409031,mysql:0.7561641065552829,ts-contacts-service:0.7553811093507843,ts-config-service:0.7342800092203754,ts-verification-code-service:0.7297609862566312,ts-inside-payment-service:0.7227010781774245,ts-seat-service:0.7094762868643079,ts-user-service:0.700350271982846,ts-ticket-office-service:0.6961144178848083,ts-travel-plan-service:0.6892969659409293,ts-train-service:0.6876162807461614,ts-auth-service:0.6865896607107955,ts-food-delivery-service:0.682139825986216,loadgenerator:0.6737072660453386,ts-admin-user-service:0.6646403920273928,ts-admin-route-service:0.6615090998040907,ts-assurance-service:0.6494081856614135,ts-security-service:0.6477044086595583,ts-admin-order-service:0.6383793192104311,ts-preserve-other-service:0.6343503232076974,ts-payment-service:0.615106671662995,ts-gateway-service:0.6132270904756848,ts-admin-travel-service:0.5840816057479821,ts-rebook-service:0.5799867866263164,ts-execute-service:0.572849802365164,ts-wait-order-service:0.5680169943120693,ts-voucher-service:0.5662594660026413,ts-admin-basic-info-service:0.5545055089213781,ts-route-plan-service:0.5404098594079257,ts-travel2-service:0.511110826788442,ts-news-service:0.5108821072631585,ts-basic-service:0.4885695458744766,rabbitmq:0.472965034311321,ts-cancel-service:0.4401458470704701,ts-avatar-service:0.4387954118123168,ts-travel-service:0.3833989943335892,ts-order-service:0.2580479322886781,ts-station-food-service:0.1341985475439878,ts-notification-service:0.058551659505893326,ts-delivery-service:0.050420688359741866
1752913460,ts1-ts-route-service,23,ts-route-plan-service:0.8651562527111301,ts-inside-payment-service:0.8296888535542083,ts-travel-service:0.8168835642350173,ts-consign-price-service:0.8004019520765668,ts-verification-code-service:0.790489857910061,ts-ui-dashboard:0.7843218659016885,ts-consign-service:0.7814139322979577,ts-config-service:0.7804907219539088,ts-assurance-service:0.7763378533646919,ts-admin-route-service:0.771535436343292,ts-ticket-office-service:0.7707995091940274,ts-preserve-other-service:0.7692933746238563,ts-admin-user-service:0.7679498565543248,ts-order-service:0.7648610631734369,ts-travel-plan-service:0.7638303976444605,ts-execute-service:0.7614489280359917,ts-admin-basic-info-service:0.7543727911417407,ts-route-service:0.7543008925899921,ts-train-service:0.7525376693838849,ts-admin-travel-service:0.7523895558070748,ts-admin-order-service:0.7485448842497658,ts-station-service:0.7461674054298824,ts-voucher-service:0.7426111420325222,ts-wait-order-service:0.7420359958737854,ts-seat-service:0.7162046036717407,ts-travel2-service:0.7125649838149803,mysql:0.7069216377055029,rabbitmq:0.7048930892511283,ts-basic-service:0.66516429834016,loadgenerator:0.6083071961910116,ts-price-service:0.590813388471423,ts-auth-service:0.5862910135397895,ts-station-food-service:0.5772948840679637,ts-train-food-service:0.5748422432914037,ts-food-service:0.5720011343242766,:0.5636980047338623,federate:0.5630783881812059,ts-preserve-service:0.5540779205268507,ts-security-service:0.5441329168024518,ts-news-service:0.543950434875617,ts-user-service:0.538833819531485,ts-contacts-service:0.5374888210050761,ts-gateway-service:0.5307422575910494,ts-payment-service:0.5238528803398357,ts-notification-service:0.5202002696554946,ts-avatar-service:0.517763354342397,ts-food-delivery-service:0.5119305189079822,ts-rebook-service:0.4869141751239867,ts-order-other-service:0.4685677223619011,ts-cancel-service:0.46046421387792835,ts-delivery-service:0.4208886070519688
1752913510,ts1-ts-route-service,23,ts-inside-payment-service:0.863521150516606,ts-travel-service:0.8157634111101268,ts-consign-price-service:0.8039184611905705,ts-ui-dashboard:0.7956303781827194,ts-assurance-service:0.7896962846818975,ts-config-service:0.7834049312772058,ts-admin-route-service:0.7771017704617352,ts-verification-code-service:0.7738259649090546,ts-preserve-other-service:0.7709599703911065,ts-admin-user-service:0.7702938183474295,ts-order-service:0.769190283188482,ts-ticket-office-service:0.7646777440322203,ts-execute-service:0.7631521798148453,ts-travel-plan-service:0.7627189521950258,ts-route-service:0.7626244305361451,ts-route-plan-service:0.760495806539238,ts-admin-basic-info-service:0.755694467605794,ts-admin-travel-service:0.7523853827764957,ts-admin-order-service:0.7517997668258026,ts-consign-service:0.75174691096594,ts-train-service:0.7472624818368361,ts-voucher-service:0.7469419374521741,ts-station-service:0.7451679494407244,ts-wait-order-service:0.7417622325257909,ts-seat-service:0.7197003811917472,ts-travel2-service:0.7117166634934335,mysql:0.705058900478479,rabbitmq:0.7028989234749907,ts-basic-service:0.6757780822356091,ts-auth-service:0.6051631537618101,ts-price-service:0.5845043224271583,:0.5822742990314339,federate:0.5815718266270375,ts-train-food-service:0.5772830613335727,ts-food-service:0.568599879304245,ts-station-food-service:0.564953640339433,ts-order-other-service:0.5627980905913181,ts-user-service:0.5568920348357191,ts-notification-service:0.554080306044167,ts-news-service:0.5527546970398076,ts-contacts-service:0.5496670367480825,loadgenerator:0.544183332087109,ts-avatar-service:0.5434052761907107,ts-payment-service:0.536444844074196,ts-security-service:0.5342128872834137,ts-preserve-service:0.5256401478286309,ts-food-delivery-service:0.5226700361277541,ts-gateway-service:0.514042164454874,ts-rebook-service:0.49741780711127753,ts-cancel-service:0.4712099769189992,ts-delivery-service:0.44830073491047845
1752913560,ts1-ts-route-service,23,ts-travel-service:0.8756848387604337,ts-route-plan-service:0.8579719309773477,ts-ui-dashboard:0.8574180639206379,ts-consign-price-service:0.8389142123903237,ts-order-service:0.8353287366874644,ts-assurance-service:0.8294769810922162,ts-preserve-other-service:0.8247765659801578,ts-consign-service:0.8235907148511268,ts-verification-code-service:0.8227503092525219,ts-config-service:0.817868462233976,ts-admin-basic-info-service:0.8168766775309945,ts-admin-user-service:0.8159438431913923,ts-seat-service:0.8139212901356285,ts-admin-route-service:0.8102208302353527,ts-execute-service:0.8034138068604659,ts-wait-order-service:0.8026920785119247,ts-station-service:0.8019209435981516,ts-train-service:0.7982715965695528,ts-admin-order-service:0.7892843508625547,ts-voucher-service:0.7885067568562403,ts-admin-travel-service:0.7874448358145417,ts-travel2-service:0.7700911872058034,ts-ticket-office-service:0.7622624560802411,rabbitmq:0.7606970327581752,ts-travel-plan-service:0.7598102593895196,mysql:0.7500310842120987,ts-inside-payment-service:0.738912419021572,ts-route-service:0.7150065650667852,ts-basic-service:0.6352697136117126,loadgenerator:0.6164996507934921,ts-preserve-service:0.5973556586157656,ts-price-service:0.5727740135005642,ts-auth-service:0.5697797600113883,ts-food-service:0.5564933104425831,ts-user-service:0.5558402641059343,ts-station-food-service:0.5489761102528322,ts-train-food-service:0.5370397769953897,ts-news-service:0.5357534725170983,ts-avatar-service:0.5356844547653896,ts-notification-service:0.5351531386362319,ts-contacts-service:0.5296252613149531,:0.5213978060813437,federate:0.5210350949030166,ts-gateway-service:0.5133479336413819,ts-security-service:0.5070265556461424,ts-payment-service:0.5063103221277381,ts-order-other-service:0.5031214202413428,ts-food-delivery-service:0.4986762254711057,ts-rebook-service:0.4797533117548744,ts-cancel-service:0.45726419847416794,ts-delivery-service:0.44551228744940674
1752919070,ts0-ts-security-service,12,ts-food-service:0.9711960515275483,ts-ui-dashboard:0.8507374621166655,federate:0.8265988142180761,:0.8259402369129891,mysql:0.7412060668868576,ts-auth-service:0.6568685551606999,ts-avatar-service:0.6389143690507557,ts-inside-payment-service:0.5668302034740049,ts-user-service:0.5572434892004168,ts-consign-price-service:0.5545977931092649,ts-order-service:0.5410202391794079,ts-travel-plan-service:0.5297241019768388,ts-order-other-service:0.5200582529043344,ts-config-service:0.5147451700654676,ts-verification-code-service:0.5024457150270333,ts-consign-service:0.4925402301062466,ts-route-service:0.4840522185723397,ts-travel-service:0.4718112014543023,ts-travel2-service:0.47053987533214253,ts-ticket-office-service:0.4694761883898563,ts-seat-service:0.4646904745944388,ts-train-food-service:0.4618436222371728,ts-station-service:0.45975848860505664,ts-price-service:0.4540322619939038,ts-train-service:0.45312341478541146,ts-contacts-service:0.44887913247106304,ts-route-plan-service:0.44748140569892064,ts-basic-service:0.44477243936861566,ts-gateway-service:0.43994961776989205,loadgenerator:0.43611827378727563,ts-preserve-other-service:0.43131460605208527,rabbitmq:0.42948384264007106,ts-rebook-service:0.4207620749338392,ts-station-food-service:0.4182012326148158,ts-admin-user-service:0.4092816437503324,ts-wait-order-service:0.398054263725398,ts-news-service:0.39354263983196175,ts-admin-travel-service:0.391986344511946,ts-admin-order-service:0.3598129788707402,ts-admin-route-service:0.3572840835766276,ts-payment-service:0.35527367477577027,ts-cancel-service:0.3542275625027387,ts-assurance-service:0.3442815943148144,ts-food-delivery-service:0.34201109328246654,ts-execute-service:0.34194984110263943,ts-admin-basic-info-service:0.33457199316857333,ts-voucher-service:0.3160372401457392,ts-notification-service:0.31307215423672324,ts-security-service:0.2736476828284796,ts-delivery-service:0.2722502298750535,ts-preserve-service:0.2525167529019987
1752919120,ts0-ts-security-service,12,ts-food-service:0.9808245268017735,ts-ui-dashboard:0.8488976005076153,federate:0.812159934834249,:0.811453615680099,mysql:0.7431921775221143,ts-auth-service:0.685543192734124,ts-avatar-service:0.6787367957627493,ts-inside-payment-service:0.5932311160343517,ts-order-service:0.588142637110949,ts-consign-price-service:0.5779718181471286,ts-travel-plan-service:0.5471831335665929,ts-config-service:0.5406627135459465,ts-user-service:0.5396464338613968,ts-verification-code-service:0.533741485560612,ts-consign-service:0.5092974566360382,ts-order-other-service:0.5076111002628697,ts-route-service:0.5018411833917718,ts-station-service:0.49633561731882986,ts-ticket-office-service:0.4950005600674935,ts-travel2-service:0.49200902803707275,ts-travel-service:0.48905849972906856,ts-seat-service:0.48468881275022774,ts-train-service:0.4789455319034982,ts-train-food-service:0.478774292986107,ts-contacts-service:0.4781916080239956,ts-basic-service:0.47443960595634727,ts-gateway-service:0.4685349740471113,ts-price-service:0.4670547086295472,ts-route-plan-service:0.46387157144887525,ts-preserve-other-service:0.46132464460882033,rabbitmq:0.45645051461383734,loadgenerator:0.4510749214121436,ts-rebook-service:0.4484714616185942,ts-station-food-service:0.44127377322557254,ts-admin-user-service:0.42821882761640484,ts-wait-order-service:0.427887437404117,ts-admin-travel-service:0.4109679437388626,ts-news-service:0.4099338699387214,ts-admin-order-service:0.3796609645699125,ts-cancel-service:0.37763639833340146,ts-payment-service:0.37571227265683443,ts-admin-route-service:0.37549818462740414,ts-assurance-service:0.36262066057272735,ts-execute-service:0.36080212802112543,ts-food-delivery-service:0.3588257220167014,ts-admin-basic-info-service:0.3505497919849496,ts-notification-service:0.3350130713642937,ts-voucher-service:0.32985802122669544,ts-delivery-service:0.30079989096544585,ts-preserve-service:0.2877737733301742,ts-security-service:0.2169247041949941
1752919170,ts0-ts-security-service,12,ts-preserve-service:0.897281294450821,ts-route-service:0.6652573290875917,ts-wait-order-service:0.6508032412037339,ts-price-service:0.6463791890615521,ts-admin-user-service:0.641292869449456,ts-admin-travel-service:0.6397757893696551,ts-ticket-office-service:0.636160161942101,ts-news-service:0.630214053253582,ts-cancel-service:0.6290996916647463,ts-admin-route-service:0.6256135534900936,ts-admin-order-service:0.624605067527465,ts-order-other-service:0.6212198024543665,ts-payment-service:0.6207274780661944,ts-execute-service:0.6194783042281686,ts-seat-service:0.6176036976312818,ts-food-delivery-service:0.6167942946224649,ts-admin-basic-info-service:0.6137480712609664,ts-assurance-service:0.6119588437481795,ts-notification-service:0.6044638206430972,ts-order-service:0.5993992411422926,rabbitmq:0.5966115864768404,ts-voucher-service:0.5891760820856853,ts-consign-price-service:0.5266663546222934,ts-route-plan-service:0.5094351512955908,ts-inside-payment-service:0.5034959304062168,ts-station-service:0.5013944961176908,ts-ui-dashboard:0.5004968855346127,ts-contacts-service:0.4986391311503038,ts-travel-service:0.49760743657157086,ts-config-service:0.49147061868250475,ts-travel-plan-service:0.4889244888754865,ts-consign-service:0.4869090708931307,ts-rebook-service:0.484827794758311,ts-verification-code-service:0.4824478991206006,ts-train-service:0.4822766543339979,ts-auth-service:0.4806645144418406,ts-preserve-other-service:0.4796776296517915,ts-train-food-service:0.4723245810809186,ts-basic-service:0.47159490922521224,ts-user-service:0.46761297413331643,ts-station-food-service:0.4634347209754152,ts-travel2-service:0.4567700728234471,ts-food-service:0.45487226166082056,loadgenerator:0.4491867886503823,ts-gateway-service:0.4373270364905522,ts-avatar-service:0.41124170888688594,ts-delivery-service:0.347352314718757,federate:0.3043215204560733,:0.30386322885558686,mysql:0.2737002097845394,ts-security-service:0.2594711207458502
1752919220,ts0-ts-security-service,12,ts-security-service:0.8857498209295719,ts-travel-plan-service:0.72404553884637,ts-gateway-service:0.7065735839032137,ts-order-service:0.6474347281958497,ts-price-service:0.5220258775330624,ts-user-service:0.5138416256957222,ts-notification-service:0.5108649793737856,ts-inside-payment-service:0.5084416949880621,ts-food-service:0.5045699001447577,ts-seat-service:0.5037355447752802,ts-ticket-office-service:0.5027475659025675,ts-admin-travel-service:0.4983184704502609,ts-news-service:0.4942855775513415,ts-station-service:0.49351794059402515,ts-ui-dashboard:0.49193065673669284,ts-train-food-service:0.4880008881673068,ts-consign-service:0.48635737409912216,ts-travel-service:0.48402972853360954,ts-rebook-service:0.4819098890051641,ts-admin-user-service:0.48110970846871937,ts-preserve-other-service:0.4809082476833042,ts-train-service:0.4807257979265126,ts-contacts-service:0.48005800575106905,ts-consign-price-service:0.4790241249941384,loadgenerator:0.47500091440252606,ts-wait-order-service:0.4748706532177715,ts-travel2-service:0.47096520925488516,ts-config-service:0.46943238217385486,ts-payment-service:0.46914550441527136,ts-station-food-service:0.46740168554949624,ts-route-service:0.46626081907954103,ts-cancel-service:0.4609778132831368,ts-route-plan-service:0.4586347037255388,ts-order-other-service:0.45717941340585616,ts-basic-service:0.449196338666226,ts-auth-service:0.4457461561752193,ts-verification-code-service:0.4400075698431344,ts-admin-route-service:0.43388256712924944,ts-admin-order-service:0.4288100487739336,rabbitmq:0.4218653692835959,ts-food-delivery-service:0.41355238432811703,ts-admin-basic-info-service:0.4124998911305987,ts-execute-service:0.4108617009611817,ts-assurance-service:0.40812407991934385,ts-avatar-service:0.40677264633632504,ts-voucher-service:0.3980623606916518,federate:0.3923744595743895,:0.3922108159516599,ts-delivery-service:0.36050203307505885,mysql:0.3066709091767077,ts-preserve-service:0.2300306173759559
